OBJECTID,GEOID,LAI
33488,080010078011,33.86803
33489,080010078012,33.02807
33490,080010078021,21.6206
33491,080010078022,22.36489
33492,080010078023,32.75699
33493,080010079001,39.40491
33494,080010079002,23.34862
33495,080010079003,42.89029
33496,080010079004,37.47728
33497,080010080001,43.82967
33498,080010080002,31.37437
33499,080010080003,36.61196
33500,080010080004,44.7957
33501,080010080005,42.31401
33502,080010080006,41.60688
33503,080010081001,36.78499
33504,080010082001,46.09924
33505,080010082002,41.8305
33506,080010082003,42.04781
33507,080010083081,48.74232
33508,080010083082,35.7988
33509,080010083083,39.85317
33510,080010083091,49.33418
33511,080010083092,47.87858
33512,080010083093,34.43349
33513,080010083531,56.90241
33514,080010083532,50.78968
33515,080010083533,47.69614
33516,080010083534,43.978
33517,080010083535,41.07843
33518,080010084011,63.42805
33519,080010084012,48.24162
33520,080010084021,57.97896
33521,080010084022,45.99638
33522,080010085051,41.35872
33523,080010085052,53.04425
33524,080010085053,46.60229
33525,080010085054,46.12235
33526,080010085055,38.50123
33527,080010085056,50.41697
33528,080010085061,32.29137
33529,080010085062,38.15608
33530,080010085063,39.05983
33531,080010085064,34.79052
33532,080010085071,46.7483
33533,080010085072,39.70707
33534,080010085073,48.99611
33535,080010085074,43.97257
33536,080010085075,53.15885
33537,080010085081,51.45691
33538,080010085082,46.41472
33539,080010085083,49.2801
33540,080010085231,57.9402
33541,080010085232,58.3382
33542,080010085233,51.0563
33543,080010085234,
33544,080010085241,47.97657
33545,080010085242,49.07386
33546,080010085243,50.09884
33547,080010085244,53.937
33548,080010085245,49.06127
33549,080010085261,50.38154
33550,080010085262,53.55137
33551,080010085263,44.51934
33552,080010085264,50.8108
33553,080010085265,53.93161
33554,080010085291,46.07862
33555,080010085292,42.45928
33556,080010085293,40.55063
33557,080010085331,44.16804
33558,080010085332,42.32675
33559,080010085341,50.32965
33560,080010085342,48.1786
33561,080010085343,48.45842
33562,080010085351,50.94777
33563,080010085361,52.65202
33564,080010085371,52.04421
33565,080010085381,
33566,080010085382,56.48393
33567,080010085391,52.77511
33568,080010085401,56.29871
33569,080010085411,66.6285
33570,080010085421,51.022
33571,080010085422,53.48183
33572,080010085431,52.73976
33573,080010085432,58.05086
33574,080010085433,47.37109
33575,080010085434,57.0447
33576,080010085435,33.63831
33577,080010085441,54.59329
33578,080010085451,48.26204
33579,080010085452,47.82679
33580,080010085453,53.34048
33581,080010085454,50.73944
33582,080010085455,49.10085
33583,080010085461,49.12318
33584,080010085462,48.5497
33585,080010085471,47.81763
33586,080010085472,49.09214
33587,080010085481,49.22507
33588,080010085491,47.01564
33589,080010085492,46.22548
33590,080010085501,48.49263
33591,080010085502,44.70053
33592,080010085503,52.2172
33593,080010085504,47.48765
33594,080010085511,50.05895
33595,080010086031,35.85762
33596,080010086041,47.64629
33597,080010086042,42.02177
33598,080010086051,42.50689
33599,080010086052,52.09378
33600,080010086061,41.57226
33601,080010086062,43.16345
33602,080010086063,44.83376
33603,080010087051,47.19918
33604,080010087052,44.68529
33605,080010087053,40.00256
33606,080010087054,47.821
33607,080010087061,38.76954
33608,080010087062,40.17916
33609,080010087063,43.22051
33610,080010087091,43.25373
33611,080010087092,33.95589
33612,080010087093,25.29464
33613,080010087094,35.88304
33614,080010087095,33.99965
33615,080010088011,45.05094
33616,080010088012,44.60485
33617,080010088013,41.2988
33618,080010088021,42.33214
33619,080010088022,46.65606
33620,080010088023,37.00734
33621,080010089011,47.15809
33622,080010089012,48.55526
33623,080010090011,43.86159
33624,080010090012,43.83369
33625,080010090021,38.55907
33626,080010090022,41.56609
33627,080010090023,43.03517
33628,080010090024,47.26514
33629,080010090025,41.906
33630,080010091011,52.26131
33631,080010091012,46.78289
33632,080010091013,48.27693
33633,080010091031,45.71517
33634,080010091032,37.04152
33635,080010091041,47.64518
33636,080010091042,45.97065
33637,080010092021,41.71067
33638,080010092022,43.48276
33639,080010092023,46.02149
33640,080010092031,40.36972
33641,080010092032,27.98404
33642,080010092033,34.90859
33643,080010092041,44.58427
33644,080010092042,47.88641
33645,080010092043,46.99134
33646,080010092061,44.94042
33647,080010092071,41.01855
33648,080010092072,46.55765
33649,080010093041,50.15364
33650,080010093042,46.94629
33651,080010093043,37.83698
33652,080010093044,43.85399
33653,080010093045,38.74265
33654,080010093061,35.75841
33655,080010093062,42.79077
33656,080010093071,41.83953
33657,080010093072,43.91354
33658,080010093081,46.67908
33659,080010093082,44.46492
33660,080010093083,35.17215
33661,080010093084,32.48242
33662,080010093091,36.54276
33663,080010093092,41.53525
33664,080010093101,47.85756
33665,080010093102,46.12623
33666,080010093103,43.63382
33667,080010093104,36.38456
33668,080010093161,43.9535
33669,080010093162,27.92408
33670,080010093163,40.33644
33671,080010093164,35.01583
33672,080010093165,38.89548
33673,080010093181,37.57351
33674,080010093182,38.65839
33675,080010093191,30.59193
33676,080010093192,47.16572
33677,080010093193,57.18773
33678,080010093201,26.52581
33679,080010093202,28.1082
33680,080010093211,36.28811
33681,080010093212,46.7783
33682,080010093213,29.28344
33683,080010093221,45.42092
33684,080010093222,43.2618
33685,080010093231,44.59908
33686,080010093232,29.60963
33687,080010093233,53.08084
33688,080010093234,28.10808
33689,080010093251,44.07403
33690,080010093252,53.90382
33691,080010093253,45.09731
33692,080010093261,39.69523
33693,080010093262,46.24957
33694,080010093271,46.96278
33695,080010093272,49.50373
33696,080010093273,38.77555
33697,080010093274,58.25566
33698,080010094011,46.47482
33699,080010094012,46.97606
33700,080010094013,45.47669
33701,080010094061,44.15536
33702,080010094062,46.11098
33703,080010094071,41.62093
33704,080010094072,45.02898
33705,080010094073,48.9878
33706,080010094081,47.96591
33707,080010094091,45.33685
33708,080010094092,50.93137
33709,080010094101,54.44517
33710,080010094102,53.21182
33711,080010094111,51.40479
33712,080010094112,46.20048
33713,080010095011,44.29014
33714,080010095012,41.84474
33715,080010095021,46.2075
33716,080010095022,50.02129
33717,080010095023,41.40908
33718,080010095531,45.88712
33719,080010095532,46.91745
33720,080010096031,48.00858
33721,080010096032,39.89966
33722,080010096033,50.04737
33723,080010096034,33.87929
33724,080010096035,33.7601
33725,080010096041,33.34665
33726,080010096042,41.89729
33727,080010096061,39.41011
33728,080010096062,61.35555
33729,080010096071,46.01981
33730,080010096072,47.51618
33731,080010096073,25.58704
33732,080010096081,46.23183
33733,080010096082,50.59243
33734,080010097511,42.79889
33735,080010097512,35.42546
33736,080010097521,49.4679
33737,080010097522,51.17596
33738,080010150001,44.8768
33739,080010150002,44.63331
33740,080010600001,54.87202
33741,080010600002,56.21456
33742,080010601001,51.48607
33743,080010601002,48.2468
33744,080010602001,36.73636
33745,080010602002,52.81229
33746,080010612001,57.16472
33747,080019887001,
33748,080039600001,
33749,080039600002,
33750,080039601001,
33751,080039601002,
33752,080039601003,
33753,080039602001,
33754,080039602002,
33755,080039602003,
33756,080039602004,
33757,080039602005,
33758,080039602006,
33759,080039603001,
33760,080039603002,
33761,080039603003,
33762,080039603004,
33763,080050049511,30.11383
33764,080050049521,36.33709
33765,080050049522,34.99408
33766,080050055511,31.74105
33767,080050055512,37.04134
33768,080050055521,42.66516
33769,080050055522,42.56337
33770,080050055531,41.42674
33771,080050055532,42.72561
33772,080050055533,43.01091
33773,080050056111,52.22995
33774,080050056112,41.79063
33775,080050056113,42.27293
33776,080050056114,45.785
33777,080050056121,71.8946
33778,080050056122,44.54993
33779,080050056141,47.57886
33780,080050056142,48.44683
33781,080050056143,46.20151
33782,080050056191,58.95176
33783,080050056192,49.3257
33784,080050056193,42.31423
33785,080050056194,41.9226
33786,080050056201,28.8503
33787,080050056202,45.29229
33788,080050056211,51.8923
33789,080050056212,49.09748
33790,080050056221,61.42023
33791,080050056222,42.29511
33792,080050056231,49.87934
33793,080050056232,53.85741
33794,080050056241,49.23766
33795,080050056251,42.49286
33796,080050056252,49.31982
33797,080050056261,46.66595
33798,080050056262,37.97282
33799,080050056271,47.07295
33800,080050056272,48.49579
33801,080050056273,51.6158
33802,080050056281,46.34316
33803,080050056282,49.07187
33804,080050056283,52.43725
33805,080050056284,42.40075
33806,080050056291,53.08829
33807,080050056292,58.40041
33808,080050056301,45.79962
33809,080050056302,53.26782
33810,080050056303,41.95695
33811,080050056304,49.86783
33812,080050056311,56.45509
33813,080050056312,48.97804
33814,080050056313,48.66018
33815,080050056321,47.85663
33816,080050056322,48.70205
33817,080050056331,50.70343
33818,080050056332,45.01005
33819,080050056341,45.64976
33820,080050056342,45.64703
33821,080050056351,45.83176
33822,080050056352,47.25036
33823,080050056353,42.33061
33824,080050056361,62.04568
33825,080050057001,39.95592
33826,080050057002,41.80787
33827,080050057003,42.83755
33828,080050058001,46.49857
33829,080050058002,35.69634
33830,080050059511,44.27951
33831,080050059512,29.30107
33832,080050059513,24.79702
33833,080050059514,34.549
33834,080050059521,50.18197
33835,080050059522,40.23473
33836,080050060001,28.43639
33837,080050060002,37.79631
33838,080050060003,39.06201
33839,080050061001,33.07076
33840,080050061002,41.63319
33841,080050061003,41.59047
33842,080050062001,44.14034
33843,080050062002,38.78135
33844,080050062003,45.6146
33845,080050062004,37.68463
33846,080050063001,44.186
33847,080050063002,44.77827
33848,080050063003,47.49935
33849,080050063004,43.45603
33850,080050064001,41.33476
33851,080050064002,38.86243
33852,080050064003,44.25915
33853,080050065011,40.24867
33854,080050065021,38.829
33855,080050065022,44.83034
33856,080050065023,40.79334
33857,080050066011,33.56725
33858,080050066012,43.17626
33859,080050066013,25.69616
33860,080050066014,33.63561
33861,080050066031,34.26983
33862,080050066032,50.63516
33863,080050066033,37.78276
33864,080050066041,43.0827
33865,080050066042,39.50018
33866,080050066043,36.26949
33867,080050067041,64.29514
33868,080050067042,67.51508
33869,080050067043,68.49251
33870,080050067044,83.02672
33871,080050067051,70.66728
33872,080050067061,46.033
33873,080050067062,46.9222
33874,080050067063,50.78257
33875,080050067071,43.63609
33876,080050067072,47.70395
33877,080050067073,43.22938
33878,080050067074,51.58834
33879,080050067081,49.0791
33880,080050067082,51.09987
33881,080050067083,45.62974
33882,080050067091,47.83068
33883,080050067092,51.58059
33884,080050067093,47.85708
33885,080050067094,44.59859
33886,080050067111,47.34869
33887,080050067112,44.6572
33888,080050067113,47.51212
33889,080050067114,47.52538
33890,080050067121,71.17487
33891,080050067122,76.84503
33892,080050067131,36.71068
33893,080050068081,61.09351
33894,080050068082,48.79461
33895,080050068083,54.83286
33896,080050068151,52.21885
33897,080050068152,46.59874
33898,080050068153,31.92457
33899,080050068154,40.60664
33900,080050068541,45.43509
33901,080050068551,53.61301
33902,080050068552,55.03324
33903,080050068561,47.08455
33904,080050068562,48.60762
33905,080050068563,40.2668
33906,080050068564,
33907,080050068571,55.61528
33908,080050068572,50.46619
33909,080050068581,44.59713
33910,080050068582,
33911,080050068583,42.4463
33912,080050071011,57.1127
33913,080050071012,49.47344
33914,080050071013,50.22952
33915,080050071014,66.61345
33916,080050071031,59.17363
33917,080050071041,45.66837
33918,080050071042,55.56635
33919,080050071043,58.01823
33920,080050071051,52.62152
33921,080050071052,47.91672
33922,080050071061,62.75538
33923,080050071062,54.11212
33924,080050071071,
33925,080050071072,
33926,080050072011,47.68588
33927,080050072012,42.76919
33928,080050072013,23.87932
33929,080050072021,37.26932
33930,080050072022,37.51616
33931,080050072023,30.73378
33932,080050073011,37.33935
33933,080050073012,33.93441
33934,080050073021,25.84581
33935,080050073022,30.24649
33936,080050073023,37.09148
33937,080050073024,39.14811
33938,080050074001,39.60967
33939,080050074002,38.88175
33940,080050074003,46.53891
33941,080050074004,37.26863
33942,080050075001,43.69256
33943,080050075002,45.23809
33944,080050076001,33.19853
33945,080050076002,43.52573
33946,080050076003,40.06182
33947,080050076004,31.33234
33948,080050077021,47.4537
33949,080050077022,47.59357
33950,080050077023,30.79548
33951,080050077031,45.25685
33952,080050077032,49.77435
33953,080050077033,29.85025
33954,080050077041,36.60247
33955,080050077042,38.20985
33956,080050077043,39.99256
33957,080050151001,48.26426
33958,080050151002,45.72551
33959,080050800001,38.19905
33960,080050800002,46.34228
33961,080050801001,36.68199
33962,080050801002,34.43629
33963,080050801003,39.71328
33964,080050802001,44.28829
33965,080050802002,45.94676
33966,080050802003,38.3143
33967,080050802004,47.03878
33968,080050803001,45.89745
33969,080050803002,54.71317
33970,080050803003,44.91791
33971,080050803004,39.92005
33972,080050804001,44.47862
33973,080050804002,42.79529
33974,080050804003,43.71351
33975,080050804004,44.89952
33976,080050805001,45.52815
33977,080050805002,37.16998
33978,080050806001,35.91746
33979,080050806002,35.75936
33980,080050806003,39.02306
33981,080050807001,40.73072
33982,080050807002,32.13537
33983,080050807003,44.05675
33984,080050808001,38.89041
33985,080050808002,36.58211
33986,080050809001,46.5553
33987,080050809002,43.0906
33988,080050810001,37.36912
33989,080050810002,45.76478
33990,080050810003,37.23429
33991,080050810004,29.50362
33992,080050811001,33.13941
33993,080050811002,45.87532
33994,080050811003,32.33297
33995,080050811004,26.60693
33996,080050812001,40.27202
33997,080050812002,35.87957
33998,080050812003,32.86796
33999,080050813001,52.09878
34000,080050813002,43.87269
34001,080050814001,39.42688
34002,080050814002,44.78629
34003,080050814003,48.98688
34004,080050814004,44.49147
34005,080050815001,38.3508
34006,080050815002,40.07367
34007,080050816001,54.94449
34008,080050816002,47.62301
34009,080050816003,45.10564
34010,080050816004,44.61149
34011,080050817001,55.27289
34012,080050817002,63.68703
34013,080050818001,34.6272
34014,080050818002,48.43799
34015,080050818003,43.11901
34016,080050819001,39.70525
34017,080050819002,46.39075
34018,080050819003,32.1437
34019,080050819004,46.15614
34020,080050820001,29.56843
34021,080050820002,38.80055
34022,080050820003,33.45592
34023,080050821001,46.49274
34024,080050821002,44.96613
34025,080050821003,34.73483
34026,080050822001,43.04101
34027,080050822002,38.07953
34028,080050822003,34.36645
34029,080050822004,46.13601
34030,080050823001,47.22747
34031,080050823002,39.73514
34032,080050824001,43.99365
34033,080050824002,43.73442
34034,080050824003,28.68587
34035,080050825001,46.83922
34036,080050825002,45.01568
34037,080050826001,39.50899
34038,080050826002,46.62827
34039,080050826003,37.56889
34040,080050826004,38.69927
34041,080050827001,48.6842
34042,080050827002,45.54383
34043,080050828001,46.57408
34044,080050828002,43.84704
34045,080050828003,45.41337
34046,080050828004,42.5773
34047,080050829001,46.04654
34048,080050829002,42.18766
34049,080050829003,39.82594
34050,080050830001,
34051,080050831001,
34052,080050831002,51.68191
34053,080050831003,49.69148
34054,080050831004,
34055,080050832001,56.44763
34056,080050832002,50.38474
34057,080050832003,54.40557
34058,080050832004,53.24959
34059,080050833001,44.51252
34060,080050833002,44.80111
34061,080050833003,49.37857
34062,080050834001,43.75033
34063,080050834002,48.1811
34064,080050834003,48.69364
34065,080050835001,48.00083
34066,080050835002,49.25387
34067,080050835003,53.13046
34068,080050835004,34.74212
34069,080050835005,47.73171
34070,080050836001,37.25488
34071,080050836002,40.8468
34072,080050836003,40.81242
34073,080050837001,58.4374
34074,080050837002,46.69384
34075,080050838001,30.4291
34076,080050838002,70.18787
34077,080050838003,40.35646
34078,080050839001,42.26901
34079,080050839002,35.24937
34080,080050840001,45.96711
34081,080050840002,47.92441
34082,080050840003,44.27135
34083,080050841001,48.63376
34084,080050841002,39.97966
34085,080050841003,49.15517
34086,080050842001,42.65171
34087,080050842002,44.87778
34088,080050842003,38.70406
34089,080050843001,48.05768
34090,080050843002,45.81772
34091,080050844001,46.08905
34092,080050844002,45.24422
34093,080050845001,47.49816
34094,080050845002,29.32304
34095,080050846001,47.1394
34096,080050846002,48.38911
34097,080050846003,46.8552
34098,080050846004,38.68617
34099,080050847001,49.48254
34100,080050847002,37.92784
34101,080050847003,47.85765
34102,080050847004,44.79773
34103,080050848001,48.93471
34104,080050848002,47.2847
34105,080050848003,54.95269
34106,080050849001,53.01708
34107,080050849002,54.04519
34108,080050850001,52.55545
34109,080050851001,63.84273
34110,080050851002,63.18791
34111,080050851003,53.443
34112,080050852001,60.00644
34113,080050852002,53.03141
34114,080050853001,53.48048
34115,080050854001,51.06469
34116,080050854002,52.67566
34117,080050854003,45.06511
34118,080050855001,47.74422
34119,080050855002,52.7408
34120,080050855003,47.73399
34121,080050856001,55.86051
34122,080050856002,52.63736
34123,080050857001,42.88123
34124,080050857002,51.87184
34125,080050857003,42.42938
34126,080050857004,41.69203
34127,080050858001,48.5407
34128,080050859001,64.25703
34129,080050859002,51.3754
34130,080050860001,52.28982
34131,080050860002,55.17304
34132,080050860003,52.46314
34133,080050860004,44.79531
34134,080050861001,57.34637
34135,080050861002,46.77121
34136,080050861003,54.72356
34137,080050862001,49.6904
34138,080050862002,47.6313
34139,080050862003,53.79971
34140,080050863001,61.02976
34141,080050863002,36.90065
34142,080050863003,
34143,080050864001,56.18016
34144,080050864002,71.89932
34145,080050865001,42.08582
34146,080050865002,61.58737
34147,080050865003,51.77967
34148,080050866001,55.19305
34149,080050866002,54.71341
34150,080050867001,64.16141
34151,080050867002,67.28087
34152,080050868001,34.93846
34153,080050868002,35.50854
34154,080050868003,26.41804
34155,080050868004,44.80756
34156,080050869001,42.69288
34157,080050869002,38.38004
34158,080050870001,37.47985
34159,080050870002,41.64441
34160,080050870003,29.18157
34161,080050871001,28.65653
34162,080050871002,44.57446
34163,080050872001,37.82901
34164,080050872002,49.7674
34165,080050872003,42.05979
34166,080050873001,38.72113
34167,080050873002,30.26345
34168,080050873003,49.95691
34169,080050873004,31.06258
34170,080050873005,26.54867
34171,080079404001,
34172,080079404002,
34173,080079742001,
34174,080079742002,
34175,080079742003,
34176,080079743001,
34177,080079743002,
34178,080079743003,
34179,080079744001,
34180,080079744002,
34181,080099646001,
34182,080099646002,
34183,080099647001,
34184,080099647002,
34185,080119667001,
34186,080119667002,
34187,080119667003,
34188,080119667004,
34189,080119667005,
34190,080130121011,50.42627
34191,080130121012,53.81699
34192,080130121013,54.34129
34193,080130121014,48.76098
34194,080130121021,41.85882
34195,080130121022,44.07295
34196,080130121023,41.80684
34197,080130121024,50.43533
34198,080130121025,48.1928
34199,080130121031,54.7718
34200,080130121032,65.90842
34201,080130121033,41.58382
34202,080130121041,41.93114
34203,080130121042,55.72379
34204,080130121051,44.75847
34205,080130121052,42.08247
34206,080130121053,45.65027
34207,080130121054,44.9662
34208,080130122011,38.59587
34209,080130122012,50.75612
34210,080130122013,36.25281
34211,080130122021,42.07511
34212,080130122022,37.38371
34213,080130122023,39.80556
34214,080130122024,34.93999
34215,080130122031,38.16101
34216,080130122032,39.61429
34217,080130122033,24.62916
34218,080130122034,42.84577
34219,080130122041,36.03176
34220,080130122042,40.26683
34221,080130122043,44.57667
34222,080130123001,38.58536
34223,080130123002,25.53536
34224,080130124011,47.5472
34225,080130124012,27.10542
34226,080130124013,51.65821
34227,080130124014,41.08273
34228,080130125011,48.99285
34229,080130125012,41.69327
34230,080130125051,48.43535
34231,080130125052,47.29391
34232,080130125053,60.75199
34233,080130125071,44.85075
34234,080130125072,47.16794
34235,080130125073,51.38004
34236,080130125081,44.54801
34237,080130125082,38.33332
34238,080130125083,50.1398
34239,080130125091,45.40899
34240,080130125092,52.04915
34241,080130125093,48.63975
34242,080130125101,57.48886
34243,080130125102,42.9266
34244,080130125103,42.36307
34245,080130125104,54.53466
34246,080130125111,37.70125
34247,080130125112,43.24744
34248,080130125113,25.90601
34249,080130126031,43.1547
34250,080130126032,43.81106
34251,080130126051,25.42248
34252,080130126052,42.61751
34253,080130126071,23.30186
34254,080130126072,24.28934
34255,080130126073,22.46364
34256,080130126074,38.41559
34257,080130126081,42.02833
34258,080130127011,47.34278
34259,080130127012,50.26371
34260,080130127013,56.34449
34261,080130127014,39.86794
34262,080130127051,35.41166
34263,080130127052,37.03106
34264,080130127053,41.51387
34265,080130127071,35.65342
34266,080130127072,68.3707
34267,080130127081,44.70088
34268,080130127082,61.28414
34269,080130127083,46.55069
34270,080130127084,49.80386
34271,080130127091,48.87975
34272,080130127101,49.87562
34273,080130127102,51.87976
34274,080130127103,52.58838
34275,080130128001,59.44519
34276,080130128002,49.13214
34277,080130128003,50.96954
34278,080130128004,54.17132
34279,080130128005,53.69886
34280,080130129031,51.29782
34281,080130129041,43.21898
34282,080130129042,47.91884
34283,080130129051,38.84054
34284,080130129052,35.76624
34285,080130129071,47.45197
34286,080130129072,44.03461
34287,080130130031,50.30081
34288,080130130032,61.59151
34289,080130130033,48.88564
34290,080130130034,42.6896
34291,080130130041,48.38517
34292,080130130042,50.75187
34293,080130130051,42.67412
34294,080130130052,45.99871
34295,080130130061,42.11564
34296,080130130062,48.64321
34297,080130130063,41.38456
34298,080130132011,57.98294
34299,080130132021,71.49832
34300,080130132022,64.87144
34301,080130132051,45.16284
34302,080130132052,51.85434
34303,080130132053,46.29722
34304,080130132071,46.61932
34305,080130132072,35.5927
34306,080130132073,45.27478
34307,080130132081,41.58088
34308,080130132082,44.0416
34309,080130132083,42.85823
34310,080130132101,41.0095
34311,080130132102,45.65995
34312,080130132103,42.4082
34313,080130132111,47.53859
34314,080130132112,55.26321
34315,080130132113,38.87474
34316,080130132121,41.35871
34317,080130132122,44.39351
34318,080130132123,41.41983
34319,080130132131,46.12183
34320,080130132132,43.65198
34321,080130132133,44.67886
34322,080130133021,36.10888
34323,080130133022,51.4702
34324,080130133023,38.62685
34325,080130133024,44.16928
34326,080130133025,49.27955
34327,080130133051,42.95793
34328,080130133052,42.61695
34329,080130133053,38.77345
34330,080130133061,34.98595
34331,080130133062,39.27642
34332,080130133071,39.73382
34333,080130133072,39.36664
34334,080130133081,42.08948
34335,080130133082,35.353
34336,080130133083,37.94005
34337,080130134011,29.94848
34338,080130134012,38.57768
34339,080130134013,36.79008
34340,080130134021,41.03703
34341,080130134022,42.89171
34342,080130134023,45.84437
34343,080130134024,47.62075
34344,080130134025,37.71864
34345,080130135031,41.09581
34346,080130135032,43.36533
34347,080130135033,39.09753
34348,080130135034,38.72319
34349,080130135051,43.00528
34350,080130135052,35.36811
34351,080130135053,40.80451
34352,080130135061,50.73947
34353,080130135071,42.06621
34354,080130135072,43.17914
34355,080130135081,45.90387
34356,080130135082,47.26914
34357,080130135083,49.17669
34358,080130136011,55.65256
34359,080130136012,51.44231
34360,080130136013,49.05901
34361,080130136021,54.97859
34362,080130136022,56.36734
34363,080130137011,49.77091
34364,080130137012,57.59291
34365,080130137013,66.98075
34366,080130137014,51.15046
34367,080130137021,51.28868
34368,080130137022,51.68179
34369,080130137023,56.3327
34370,080130137024,48.93544
34371,080130137025,47.85568
34372,080130137026,50.97919
34373,080130137027,64.07996
34374,080130606001,50.11691
34375,080130606002,51.92528
34376,080130606003,39.56428
34377,080130607001,51.27868
34378,080130607002,47.06694
34379,080130607003,46.85828
34380,080130608001,56.54112
34381,080130608002,44.02082
34382,080130608003,43.07548
34383,080130608004,35.53667
34384,080130608005,40.01991
34385,080130609001,40.0937
34386,080130609002,45.87592
34387,080130613001,47.26215
34388,080130613002,57.32649
34389,080130614001,50.44072
34390,080140300001,39.61383
34391,080140300002,49.29546
34392,080140301001,38.24573
34393,080140301002,50.21932
34394,080140302001,48.90767
34395,080140303001,39.19057
34396,080140303002,46.48167
34397,080140304001,50.47449
34398,080140304002,49.09466
34399,080140304003,56.9426
34400,080140305001,64.06637
34401,080140305002,
34402,080140305003,57.65056
34403,080140305004,54.19331
34404,080140306001,48.08895
34405,080140306002,46.35999
34406,080140306003,41.56428
34407,080140306004,50.37575
34408,080140307001,44.64722
34409,080140307002,47.42707
34410,080140308001,48.60701
34411,080140308002,34.56549
34412,080140308003,49.60215
34413,080140308004,46.76125
34414,080140309001,59.13989
34415,080140309002,54.15587
34416,080140309003,45.05589
34417,080140309004,48.5133
34418,080140310001,
34419,080140310002,49.14943
34420,080140310003,60.73859
34421,080140311001,40.8635
34422,080140311002,41.87629
34423,080140311003,39.7728
34424,080140312001,63.80257
34425,080140312002,42.78185
34426,080140312003,44.36417
34427,080140313001,64.18976
34428,080140313002,45.44494
34429,080140314001,62.90656
34430,080140314002,65.77965
34431,080140314003,
34432,080140314004,
34433,080149801001,
34434,080149802001,
34435,080149803001,
34436,080150001001,
34437,080150001002,
34438,080150001003,
34439,080150002001,
34440,080150002002,
34441,080150002003,
34442,080150003001,
34443,080150003002,
34444,080150003003,
34445,080150004011,
34446,080150004012,
34447,080150004013,
34448,080150004014,
34449,080150004021,
34450,080150004022,
34451,080179606001,
34452,080179606002,
34453,080179606003,
34454,080190147001,51.34949
34455,080190147002,59.47583
34456,080190147003,59.71189
34457,080190148001,44.76706
34458,080190149001,51.00052
34459,080190149002,59.62805
34460,080219748001,
34461,080219748002,
34462,080219749001,
34463,080219749002,
34464,080219749003,
34465,080219749004,
34466,080239726001,
34467,080239726002,
34468,080239727001,
34469,080239727002,
34470,080259696001,
34471,080259696002,
34472,080259696003,
34473,080259696004,
34474,080279701001,
34475,080279701002,
34476,080279701003,
34477,080279701004,
34478,080299646001,
34479,080299646002,
34480,080299646003,
34481,080299646004,
34482,080299647001,
34483,080299647002,
34484,080299647003,
34485,080299648001,
34486,080299648002,
34487,080299648003,
34488,080299649001,
34489,080299649002,
34490,080299649003,
34491,080299650001,
34492,080299650002,
34493,080299650003,
34494,080299650004,
34495,080299651001,
34496,080299651002,
34497,080299651003,
34498,080299652001,
34499,080299652002,
34500,080299652003,
34501,080299652004,
34502,080310001021,49.11248
34503,080310001022,41.12264
34504,080310001023,39.50514
34505,080310002011,43.07299
34506,080310002012,44.5126
34507,080310002021,24.44517
34508,080310002022,40.84788
34509,080310002023,47.21495
34510,080310002024,45.6126
34511,080310003011,43.84312
34512,080310003012,65.93597
34513,080310003013,42.63307
34514,080310003014,43.79251
34515,080310003015,43.96524
34516,080310003016,40.70302
34517,080310003021,43.1552
34518,080310003022,51.07822
34519,080310003023,40.11282
34520,080310003024,47.04993
34521,080310003025,40.71736
34522,080310003031,52.39613
34523,080310003032,45.05498
34524,080310003033,41.00605
34525,080310003034,45.24456
34526,080310003035,50.213
34527,080310003036,40.20466
34528,080310004011,45.73691
34529,080310004012,46.5471
34530,080310004013,35.03878
34531,080310004014,38.96237
34532,080310004021,49.72058
34533,080310004022,43.12159
34534,080310004023,37.82037
34535,080310004024,32.71314
34536,080310004025,25.8818
34537,080310004026,38.29862
34538,080310005011,41.81058
34539,080310005012,41.80629
34540,080310005021,47.28674
34541,080310005022,45.94642
34542,080310005023,44.7658
34543,080310005024,18.88324
34544,080310005025,49.67162
34545,080310006001,35.94899
34546,080310006002,37.62234
34547,080310007011,29.18923
34548,080310007012,39.11948
34549,080310007013,34.75113
34550,080310007021,33.03667
34551,080310007022,31.44571
34552,080310007023,25.24277
34553,080310007024,39.2596
34554,080310007025,41.79088
34555,080310008001,21.62822
34556,080310009021,48.42302
34557,080310009022,44.75091
34558,080310009023,39.5808
34559,080310009024,45.44726
34560,080310009025,33.56377
34561,080310009031,42.55526
34562,080310009032,34.2105
34563,080310009033,43.82172
34564,080310009034,39.77327
34565,080310009035,39.58546
34566,080310009041,41.06928
34567,080310009042,29.39401
34568,080310009043,33.73542
34569,080310009044,31.47157
34570,080310009051,38.73439
34571,080310009052,35.97259
34572,080310009053,36.37826
34573,080310009054,40.10249
34574,080310010001,31.1649
34575,080310010002,33.79245
34576,080310010003,35.76004
34577,080310011011,42.06201
34578,080310011012,29.69582
34579,080310011013,39.02391
34580,080310011014,42.87876
34581,080310011021,37.71788
34582,080310011022,46.5037
34583,080310011023,42.4308
34584,080310013011,40.43478
34585,080310013012,50.34487
34586,080310013013,44.24386
34587,080310013014,45.93475
34588,080310013015,28.94075
34589,080310013021,41.82134
34590,080310013022,37.8774
34591,080310013023,40.77804
34592,080310014011,43.82165
34593,080310014012,45.52122
34594,080310014013,37.36755
34595,080310014014,26.63843
34596,080310014015,41.11064
34597,080310014021,33.78844
34598,080310014022,36.63584
34599,080310014023,39.66572
34600,080310014024,25.4411
34601,080310014031,36.2926
34602,080310014032,37.57563
34603,080310015001,28.71098
34604,080310015002,47.02039
34605,080310015003,37.42506
34606,080310016001,39.58638
34607,080310016002,40.016
34608,080310016003,42.28768
34609,080310017011,47.23587
34610,080310017012,41.78254
34611,080310017013,42.5953
34612,080310017014,25.02182
34613,080310017015,38.12468
34614,080310017021,35.9756
34615,080310017022,36.01547
34616,080310018001,34.53503
34617,080310018002,37.94846
34618,080310019011,21.70819
34619,080310019012,30.29301
34620,080310019021,49.80619
34621,080310020001,41.40726
34622,080310021001,37.8165
34623,080310021002,35.69379
34624,080310021003,33.99332
34625,080310021004,32.02149
34626,080310021005,38.15836
34627,080310023001,39.22888
34628,080310023002,52.29984
34629,080310023003,40.14765
34630,080310024021,37.11653
34631,080310024022,37.94161
34632,080310024031,31.64765
34633,080310024032,29.26038
34634,080310024033,31.18253
34635,080310026011,30.56305
34636,080310026012,29.6048
34637,080310026021,37.49686
34638,080310027011,27.0091
34639,080310027012,32.02134
34640,080310027013,23.0243
34641,080310027014,23.42145
34642,080310027021,34.06898
34643,080310027022,34.24012
34644,080310027023,31.80892
34645,080310027024,40.43288
34646,080310027025,31.90252
34647,080310027031,32.06453
34648,080310027032,34.59139
34649,080310027033,26.42364
34650,080310027034,33.4799
34651,080310028011,35.02105
34652,080310028012,42.72888
34653,080310028013,31.35705
34654,080310028021,35.00374
34655,080310028022,35.28539
34656,080310028023,35.6002
34657,080310028024,21.83731
34658,080310028031,31.74043
34659,080310028032,37.82631
34660,080310028033,35.46942
34661,080310028034,34.65938
34662,080310029011,32.14021
34663,080310029012,37.11431
34664,080310029013,36.55684
34665,080310029021,44.40402
34666,080310029022,47.0369
34667,080310029023,39.22346
34668,080310030011,43.78338
34669,080310030012,37.24775
34670,080310030013,45.88881
34671,080310030014,44.11207
34672,080310030015,42.12252
34673,080310030021,36.87691
34674,080310030022,39.44376
34675,080310030023,41.30573
34676,080310030031,45.63353
34677,080310030032,26.22113
34678,080310030041,39.01219
34679,080310030042,43.86706
34680,080310030043,43.84095
34681,080310031011,42.24946
34682,080310031021,28.16528
34683,080310031022,36.67802
34684,080310032011,34.30075
34685,080310032012,38.58415
34686,080310032013,30.15583
34687,080310032014,30.07054
34688,080310032015,53.63595
34689,080310032021,30.04593
34690,080310032022,36.47662
34691,080310032023,38.5957
34692,080310032031,64.57849
34693,080310032032,47.47371
34694,080310032033,55.26827
34695,080310033001,41.51567
34696,080310033002,51.80772
34697,080310033003,50.52834
34698,080310033004,41.57179
34699,080310034011,61.18
34700,080310034012,46.29014
34701,080310034021,53.58201
34702,080310034022,49.94767
34703,080310034023,48.74642
34704,080310035001,38.65009
34705,080310035002,42.59432
34706,080310035003,42.81332
34707,080310035004,35.5276
34708,080310035005,40.58761
34709,080310036011,44.04751
34710,080310036012,38.29676
34711,080310036013,39.84052
34712,080310036014,35.41007
34713,080310036015,33.60982
34714,080310036021,45.52021
34715,080310036022,27.93575
34716,080310036023,35.4843
34717,080310036024,42.25578
34718,080310036025,37.04883
34719,080310036031,38.88899
34720,080310036032,37.30648
34721,080310037011,37.7169
34722,080310037012,36.40205
34723,080310037021,36.28729
34724,080310037022,39.48239
34725,080310037023,32.2694
34726,080310037024,33.68735
34727,080310037031,36.12199
34728,080310037032,39.9483
34729,080310038001,48.74487
34730,080310038002,54.77215
34731,080310038003,48.11236
34732,080310038004,38.32538
34733,080310038005,52.8461
34734,080310039011,54.60613
34735,080310039012,48.08213
34736,080310039013,46.00018
34737,080310039021,59.61657
34738,080310039022,45.60071
34739,080310039023,45.93575
34740,080310040021,51.24386
34741,080310040022,68.1902
34742,080310040023,45.74028
34743,080310040024,58.58299
34744,080310040031,45.75323
34745,080310040032,46.85033
34746,080310040033,43.06677
34747,080310040034,48.02369
34748,080310040041,46.19667
34749,080310040051,38.71778
34750,080310040052,41.63241
34751,080310040061,58.16307
34752,080310040062,39.05289
34753,080310040063,41.74792
34754,080310040064,40.82294
34755,080310041011,44.37556
34756,080310041012,26.25484
34757,080310041013,35.06393
34758,080310041021,42.15114
34759,080310041022,36.99255
34760,080310041023,27.9284
34761,080310041024,56.41928
34762,080310041031,53.14206
34763,080310041032,44.19951
34764,080310041033,50.40558
34765,080310041034,58.55816
34766,080310041035,43.17069
34767,080310041036,39.87134
34768,080310041041,31.70882
34769,080310041042,44.95989
34770,080310041043,31.13881
34771,080310041044,45.59887
34772,080310041045,43.53795
34773,080310041046,52.49199
34774,080310041061,52.23252
34775,080310041071,
34776,080310042011,44.02838
34777,080310042012,45.13656
34778,080310042013,40.40543
34779,080310042014,43.86966
34780,080310042015,49.51624
34781,080310042016,42.87454
34782,080310042021,41.77339
34783,080310042022,50.25381
34784,080310042023,39.87664
34785,080310042024,48.69915
34786,080310042025,53.55903
34787,080310043011,39.71245
34788,080310043012,26.97265
34789,080310043013,49.11573
34790,080310043014,22.9206
34791,080310043021,43.56217
34792,080310043022,46.47146
34793,080310043023,50.71185
34794,080310043031,68.84217
34795,080310043032,60.13444
34796,080310043033,58.28502
34797,080310043034,62.05759
34798,080310043041,42.53261
34799,080310043042,47.88058
34800,080310043043,44.84133
34801,080310043044,41.74361
34802,080310043061,46.24108
34803,080310043062,49.23869
34804,080310043063,43.73468
34805,080310043064,41.5802
34806,080310043065,61.0762
34807,080310044031,41.05846
34808,080310044032,36.46475
34809,080310044033,37.02919
34810,080310044041,35.67739
34811,080310044042,38.78576
34812,080310044043,31.33493
34813,080310044051,49.41665
34814,080310044052,37.58397
34815,080310044053,39.96807
34816,080310044054,48.73868
34817,080310045031,36.24655
34818,080310045032,36.18944
34819,080310045033,33.83009
34820,080310045041,32.49294
34821,080310045042,46.73337
34822,080310045043,39.54503
34823,080310045051,38.2613
34824,080310045052,33.06944
34825,080310045053,30.01214
34826,080310045061,44.67365
34827,080310045062,36.87352
34828,080310045063,29.53018
34829,080310046011,45.71541
34830,080310046012,43.76538
34831,080310046013,44.80712
34832,080310046014,41.50886
34833,080310046021,30.49881
34834,080310046022,34.69493
34835,080310046023,37.60415
34836,080310046024,39.25898
34837,080310046031,39.52277
34838,080310046032,41.47717
34839,080310046033,44.386
34840,080310046034,44.71194
34841,080310046035,50.53732
34842,080310047001,44.37941
34843,080310047002,45.67058
34844,080310047003,40.53453
34845,080310047004,47.97703
34846,080310047005,42.46915
34847,080310047006,28.63125
34848,080310048011,47.74901
34849,080310048012,43.0738
34850,080310048013,46.98001
34851,080310050011,36.41827
34852,080310050012,46.99726
34853,080310050021,52.38578
34854,080310050022,39.53096
34855,080310050023,37.0194
34856,080310050024,36.43635
34857,080310050025,34.30279
34858,080310051021,37.71693
34859,080310051022,45.45908
34860,080310051023,45.72377
34861,080310051024,36.08141
34862,080310051041,36.28377
34863,080310051042,35.24998
34864,080310052001,41.88365
34865,080310052002,42.0031
34866,080310052003,45.64046
34867,080310052004,48.46737
34868,080310053001,46.22771
34869,080310055021,45.75385
34870,080310055031,44.82049
34871,080310055032,41.07354
34872,080310055033,51.13634
34873,080310055034,47.99358
34874,080310067011,43.90388
34875,080310068041,51.75562
34876,080310068042,40.69245
34877,080310068091,49.09989
34878,080310068092,48.46925
34879,080310068093,44.83719
34880,080310068094,41.91875
34881,080310068095,24.54375
34882,080310068096,37.57413
34883,080310068101,42.77412
34884,080310068102,38.92529
34885,080310068103,44.18579
34886,080310068104,36.43765
34887,080310068111,45.68798
34888,080310068112,47.64398
34889,080310068113,34.22599
34890,080310068114,34.79761
34891,080310068121,38.91773
34892,080310068122,49.45389
34893,080310068123,48.40775
34894,080310068131,37.25676
34895,080310068132,30.71132
34896,080310068133,25.2198
34897,080310068141,45.85137
34898,080310068142,33.19393
34899,080310068143,44.62304
34900,080310068144,47.40345
34901,080310069011,45.8189
34902,080310069012,30.67592
34903,080310069013,31.53435
34904,080310069014,34.50879
34905,080310069015,31.58163
34906,080310070061,32.47036
34907,080310070062,27.34802
34908,080310070131,40.34091
34909,080310070132,45.59205
34910,080310070371,26.54401
34911,080310070372,35.84624
34912,080310070373,44.3389
34913,080310070881,34.07876
34914,080310070882,30.15269
34915,080310070883,51.47759
34916,080310070884,39.0564
34917,080310070891,30.81876
34918,080310070892,35.94021
34919,080310070893,39.89638
34920,080310070894,31.75912
34921,080310083041,37.88393
34922,080310083042,49.19782
34923,080310083043,47.97962
34924,080310083051,43.03421
34925,080310083052,44.42043
34926,080310083053,35.84038
34927,080310083061,49.42834
34928,080310083062,49.87261
34929,080310083063,49.90222
34930,080310083064,33.60959
34931,080310083121,50.84401
34932,080310083122,32.92688
34933,080310083123,47.14481
34934,080310083861,44.45862
34935,080310083862,47.26562
34936,080310083871,52.2749
34937,080310083872,47.13225
34938,080310083881,45.86737
34939,080310083882,39.48392
34940,080310083891,55.73023
34941,080310083892,49.37082
34942,080310083893,50.95987
34943,080310083901,43.82517
34944,080310083902,47.62301
34945,080310083903,50.29764
34946,080310083911,49.05993
34947,080310083912,48.7271
34948,080310119021,49.32247
34949,080310119022,47.00404
34950,080310119023,35.44716
34951,080310119024,38.42743
34952,080310119031,46.0613
34953,080310119032,41.78437
34954,080310120011,40.72889
34955,080310120012,65.39605
34956,080310120101,49.14174
34957,080310120102,41.19145
34958,080310120103,51.35546
34959,080310120141,45.4905
34960,080310120142,39.58436
34961,080310120143,44.54297
34962,080310120144,36.63758
34963,080310153001,36.3361
34964,080310153002,38.84816
34965,080310153003,22.8997
34966,080310154001,47.34618
34967,080310154002,46.47609
34968,080310154003,41.47568
34969,080310154004,43.67186
34970,080310155001,23.87624
34971,080310155002,24.62433
34972,080310155003,36.28849
34973,080310156001,19.67393
34974,080310156002,39.32769
34975,080310156003,46.99688
34976,080310156004,42.31188
34977,080310157001,35.54034
34978,080310157002,44.18927
34979,080310157003,48.15412
34980,080310157004,36.01929
34981,080319800001,47.73452
34982,080319801001,
34983,080330001001,
34984,080330001002,
34985,080350139011,47.31502
34986,080350139012,62.02011
34987,080350139013,58.83545
34988,080350139014,54.32873
34989,080350139041,43.88648
34990,080350139042,45.5307
34991,080350139043,42.91062
34992,080350139051,39.46518
34993,080350139052,51.34503
34994,080350139053,47.12039
34995,080350139071,53.64238
34996,080350139072,54.23881
34997,080350139073,54.16356
34998,080350139074,42.80734
34999,080350139081,58.30079
35000,080350139082,57.60513
37001,081230023001,48.15501
37002,081230023002,55.37511
37003,081230023003,48.11851
37004,081230023004,50.78164
37005,081230023005,63.31943
37006,081230025011,61.96048
37007,081230025012,59.803
37008,081230025021,50.1929
37009,081230025022,55.09711
37010,081230025023,60.2992
37011,081259631001,
37012,081259631002,
37013,081259631003,
37014,081259631004,
37015,081259632001,
37016,081259632002,
37017,081259632003,
37018,081259632004,
37019,081259632005,
35001,080350139083,54.66515
35002,080350139084,59.26113
35003,080350139085,61.1064
35004,080350139091,55.8797
35005,080350139092,65.9342
35006,080350139093,61.01569
35007,080350139101,53.87584
35008,080350139102,51.14854
35009,080350139111,66.4915
35010,080350139112,58.73039
35011,080350139113,58.8033
35012,080350139114,68.17782
35013,080350140011,45.98507
35014,080350140012,47.03004
35015,080350140013,47.77799
35016,080350140051,52.74347
35017,080350140052,47.55775
35018,080350140061,56.33967
35019,080350140062,54.08889
35020,080350140071,40.0018
35021,080350140072,60.62053
35022,080350140081,54.05933
35023,080350140082,50.37667
35024,080350140083,54.19667
35025,080350140084,53.80783
35026,080350140091,55.80202
35027,080350140092,52.78689
35028,080350140101,
35029,080350140102,33.72996
35030,080350140103,53.68731
35031,080350140111,49.69101
35032,080350140121,51.00843
35033,080350140122,58.06424
35034,080350140123,68.8624
35035,080350140124,
35036,080350140131,70.44026
35037,080350140132,65.64232
35038,080350141071,51.66898
35039,080350141072,44.3349
35040,080350141081,48.39928
35041,080350141082,47.28357
35042,080350141083,48.26207
35043,080350141091,48.40363
35044,080350141101,39.8747
35045,080350141102,57.54078
35046,080350141103,52.325
35047,080350141104,32.01764
35048,080350141121,50.19156
35049,080350141122,51.44833
35050,080350141131,47.70969
35051,080350141132,50.5994
35052,080350141141,45.82692
35053,080350141142,45.35655
35054,080350141151,51.03654
35055,080350141152,47.3419
35056,080350141161,56.07257
35057,080350141162,49.00018
35058,080350141163,
35059,080350141221,52.35331
35060,080350141222,66.0504
35061,080350141223,
35062,080350141224,65.06301
35063,080350141231,70.63423
35064,080350141232,40.66979
35065,080350141241,52.556
35066,080350141242,51.64529
35067,080350141243,52.87226
35068,080350141251,58.96727
35069,080350141261,
35070,080350141271,58.66678
35071,080350141272,59.49535
35072,080350141281,53.1916
35073,080350141282,45.67709
35074,080350141291,55.71699
35075,080350141292,53.06308
35076,080350141301,53.0365
35077,080350141302,48.30232
35078,080350141303,50.48099
35079,080350141304,47.07166
35080,080350141311,41.49695
35081,080350141312,68.82245
35082,080350141313,49.92024
35083,080350141321,53.05818
35084,080350141322,53.56635
35085,080350141331,46.92359
35086,080350141332,49.16904
35087,080350141333,63.68801
35088,080350141341,63.55762
35089,080350141342,50.84998
35090,080350141351,68.03684
35091,080350141361,52.06836
35092,080350141362,44.63103
35093,080350141363,47.96991
35094,080350141371,54.41346
35095,080350141372,59.43161
35096,080350141373,53.15996
35097,080350141381,39.90972
35098,080350141382,45.75277
35099,080350141391,50.50483
35100,080350141392,53.00403
35101,080350141401,63.13725
35102,080350141402,52.99998
35103,080350141403,65.07103
35104,080350142021,82.01182
35105,080350142022,62.37571
35106,080350142031,58.41421
35107,080350142032,55.86729
35108,080350142033,56.88188
35109,080350142041,55.69556
35110,080350143001,53.57594
35111,080350144031,67.70091
35112,080350144032,65.65924
35113,080350144033,54.72625
35114,080350144041,59.31633
35115,080350144051,56.68498
35116,080350144052,53.79531
35117,080350144053,52.52018
35118,080350144054,
35119,080350144061,57.34862
35120,080350144062,49.46518
35121,080350144063,
35122,080350144064,
35123,080350145031,50.47844
35124,080350145032,43.63986
35125,080350145033,50.69316
35126,080350145041,36.91362
35127,080350145042,49.00786
35128,080350145043,48.65457
35129,080350145051,58.92465
35130,080350145052,49.80611
35131,080350145053,48.33765
35132,080350145061,62.99346
35133,080350145062,63.49595
35134,080350146021,69.0684
35135,080350146031,53.00484
35136,080350146032,52.19305
35137,080350146033,50.04141
35138,080350146041,55.07505
35139,080350146042,57.68506
35140,080370001001,41.75114
35141,080370002001,58.12557
35142,080370002002,49.17143
35143,080370002003,48.11861
35144,080370003011,59.81855
35145,080370003012,57.02058
35146,080370003013,54.06848
35147,080370003021,66.87101
35148,080370003022,53.91533
35149,080370004011,50.25336
35150,080370004012,54.24558
35151,080370004021,54.43314
35152,080370004022,59.95786
35153,080370004031,68.40879
35154,080370004032,59.01049
35155,080370004033,50.77883
35156,080370005011,57.10755
35157,080370005021,50.11193
35158,080370005022,59.55138
35159,080370005031,48.95209
35160,080370005032,49.14208
35161,080370005033,40.48844
35162,080370005034,40.99664
35163,080370006001,53.14199
35164,080370007011,50.68414
35165,080370007021,38.97023
35166,080370007022,45.81947
35167,080370007031,55.50357
35168,080370007032,51.63595
35169,080399611001,59.1061
35170,080399611002,51.66321
35171,080399612041,63.43393
35172,080399612042,69.06217
35173,080399612043,57.71824
35174,080399612044,63.45814
35175,080399612051,62.38279
35176,080399612052,57.21601
35177,080399612061,64.21885
35178,080399612062,59.90635
35179,080399612071,56.71538
35180,080399612072,57.96354
35181,080399612081,66.19369
35182,080399612082,54.61106
35183,080399612091,58.40706
35184,080410001011,38.40565
35185,080410001012,42.45832
35186,080410001013,51.00399
35187,080410001014,30.12921
35188,080410001021,43.82245
35189,080410001022,44.28006
35190,080410001023,44.20068
35191,080410002021,47.06971
35192,080410002022,49.51929
35193,080410002023,49.87759
35194,080410002024,39.34542
35195,080410002031,46.26591
35196,080410002032,36.02539
35197,080410002033,38.97148
35198,080410003011,40.20327
35199,080410003012,34.01426
35200,080410003013,41.02886
35201,080410003021,37.56892
35202,080410003022,40.49357
35203,080410004001,47.97598
35204,080410004002,40.81549
35205,080410004003,41.46701
35206,080410005001,46.81793
35207,080410005002,44.89551
35208,080410006001,41.99118
35209,080410006002,47.55106
35210,080410006003,38.46702
35211,080410007001,43.69711
35212,080410007002,45.49477
35213,080410007003,38.46461
35214,080410008001,35.71507
35215,080410008002,37.70539
35216,080410008003,43.74991
35217,080410009001,46.52531
35218,080410009002,47.15848
35219,080410010001,45.56836
35220,080410010002,55.71563
35221,080410010003,58.72875
35222,080410011011,37.46141
35223,080410011012,35.25325
35224,080410011041,42.03018
35225,080410011042,39.37175
35226,080410013011,47.41177
35227,080410013012,41.56598
35228,080410013013,37.42872
35229,080410013021,35.17341
35230,080410013022,45.32313
35231,080410013023,39.59708
35232,080410014001,42.13862
35233,080410014002,34.94298
35234,080410014003,42.02291
35235,080410015001,40.76661
35236,080410015002,42.19942
35237,080410016001,27.48493
35238,080410016002,37.19683
35239,080410016003,41.19463
35240,080410017001,36.71295
35241,080410017002,42.00999
35242,080410018001,40.85957
35243,080410018002,41.21449
35244,080410019001,29.64215
35245,080410019002,28.10963
35246,080410019003,32.43868
35247,080410020001,26.58311
35248,080410020002,41.0674
35249,080410020003,39.44053
35250,080410020004,38.43644
35251,080410021011,37.54132
35252,080410021012,39.59628
35253,080410021021,43.27858
35254,080410021022,37.99553
35255,080410021023,40.58848
35256,080410022001,38.54491
35257,080410022002,36.22719
35258,080410022003,32.05552
35259,080410023001,22.67037
35260,080410023002,42.24463
35261,080410024001,45.91519
35262,080410024002,39.29241
35263,080410024003,39.0769
35264,080410025011,58.20452
35265,080410025012,51.54149
35266,080410025013,52.97786
35267,080410025021,52.65541
35268,080410025022,43.99809
35269,080410025023,35.07437
35270,080410027001,34.52355
35271,080410027002,35.65296
35272,080410027003,37.80924
35273,080410028001,40.57962
35274,080410028002,36.26141
35275,080410028003,39.76263
35276,080410028004,35.41111
35277,080410029001,26.173
35278,080410029002,32.98193
35279,080410029003,37.86229
35280,080410029004,36.69219
35281,080410029005,35.59066
35282,080410030001,39.35319
35283,080410030002,42.56583
35284,080410030003,39.9771
35285,080410030004,39.66846
35286,080410031001,54.16875
35287,080410031002,62.20124
35288,080410031003,54.65983
35289,080410031004,57.37129
35290,080410031005,44.13856
35291,080410031006,55.54097
35292,080410033031,50.02598
35293,080410033032,49.74585
35294,080410033033,38.70929
35295,080410033034,29.41784
35296,080410033051,48.41005
35297,080410033052,69.05291
35298,080410033053,61.39878
35299,080410033061,76.85253
35300,080410033062,54.66994
35301,080410033071,43.80564
35302,080410033072,43.23885
35303,080410033081,40.93855
35304,080410033082,41.70495
35305,080410034001,56.3601
35306,080410034002,53.80197
35307,080410034003,54.94321
35308,080410037011,56.47669
35309,080410037012,51.34075
35310,080410037013,50.74586
35311,080410037021,54.09154
35312,080410037022,49.96956
35313,080410037051,60.0977
35314,080410037052,50.63903
35315,080410037053,42.27545
35316,080410037061,46.04774
35317,080410037062,46.34792
35318,080410037071,51.14147
35319,080410037072,56.41327
35320,080410037073,48.0651
35321,080410037081,48.66047
35322,080410037082,44.27421
35323,080410037091,51.95018
35324,080410037092,52.30573
35325,080410037093,43.2808
35326,080410037094,46.32298
35327,080410038011,47.38969
35328,080410038012,45.25608
35329,080410038021,
35330,080410038022,
35331,080410039021,60.47936
35332,080410039022,58.96951
35333,080410039051,40.98336
35334,080410039052,44.23654
35335,080410039053,44.48966
35336,080410039061,41.95081
35337,080410039062,53.01532
35338,080410039063,43.67535
35339,080410039064,47.33858
35340,080410039091,56.83971
35341,080410039092,55.4227
35342,080410039093,55.57907
35343,080410040081,45.22906
35344,080410040091,33.74056
35345,080410041001,43.2467
35346,080410041002,40.39306
35347,080410041003,48.23944
35348,080410041004,40.53403
35349,080410042001,45.75616
35350,080410042002,42.14623
35351,080410043001,49.23011
35352,080410043002,43.59488
35353,080410043003,40.45323
35354,080410044011,45.66901
35355,080410044012,48.75856
35356,080410044013,40.04667
35357,080410044021,
35358,080410044022,
35359,080410044023,49.96246
35360,080410044031,56.3495
35361,080410045011,40.77781
35362,080410045012,41.71817
35363,080410045013,45.94935
35364,080410045021,45.57206
35365,080410045022,53.54314
35366,080410045031,52.88766
35367,080410045032,47.43975
35368,080410045033,50.28709
35369,080410045034,48.36206
35370,080410045061,44.27181
35371,080410045062,49.77905
35372,080410045063,53.95095
35373,080410045064,45.62575
35374,080410045071,49.10795
35375,080410045072,45.48795
35376,080410045073,47.60084
35377,080410045081,42.09429
35378,080410045082,46.83717
35379,080410045083,41.77408
35380,080410045084,28.3865
35381,080410045101,57.48803
35382,080410045102,49.85593
35383,080410045111,47.70231
35384,080410045112,56.92772
35385,080410045113,50.05235
35386,080410046011,56.81305
35387,080410046012,57.1129
35388,080410046021,61.67786
35389,080410046022,56.92263
35390,080410046023,56.52719
35391,080410046031,43.40823
35392,080410046032,55.81299
35393,080410047011,44.94767
35394,080410047012,47.04233
35395,080410047013,46.06302
35396,080410047021,40.84629
35397,080410047022,45.49433
35398,080410047031,49.55721
35399,080410047032,50.308
35400,080410047033,49.32652
35401,080410047034,42.61371
35402,080410047035,46.24733
35403,080410047051,49.58397
35404,080410047052,47.97001
35405,080410047053,44.80528
35406,080410047061,51.17931
35407,080410048001,41.23305
35408,080410048002,42.98022
35409,080410048003,41.44659
35410,080410048004,43.88199
35411,080410049011,38.51215
35412,080410049012,47.23857
35413,080410049021,51.11395
35414,080410049022,52.26836
35415,080410049023,49.40452
35416,080410050001,42.57085
35417,080410050002,42.04777
35418,080410050003,42.80826
35419,080410050004,37.1952
35420,080410051041,55.58269
35421,080410051042,57.45184
35422,080410051051,48.82443
35423,080410051052,46.54504
35424,080410051061,49.02088
35425,080410051062,45.6466
35426,080410051063,52.86237
35427,080410051071,53.80313
35428,080410051081,48.49961
35429,080410051082,48.39485
35430,080410051083,46.1983
35431,080410051091,51.08498
35432,080410051092,50.26091
35433,080410051093,47.64916
35434,080410051094,52.99606
35435,080410051101,44.65464
35436,080410051102,43.85765
35437,080410051103,39.978
35438,080410051111,43.27368
35439,080410051112,49.47643
35440,080410052011,38.45175
35441,080410052012,33.67814
35442,080410052013,49.76626
35443,080410052021,38.04867
35444,080410052022,39.61413
35445,080410053001,37.14998
35446,080410053002,47.78992
35447,080410053003,40.77871
35448,080410054001,32.77677
35449,080410054002,43.64051
35450,080410054003,39.65904
35451,080410054004,37.12068
35452,080410055011,48.38788
35453,080410055012,49.38553
35454,080410055013,38.09645
35455,080410055021,42.90243
35456,080410055022,44.31724
35457,080410055023,28.53392
35458,080410056011,45.94902
35459,080410056012,45.68448
35460,080410056013,44.84354
35461,080410056021,44.2393
35462,080410056022,44.35608
35463,080410056023,43.31742
35464,080410057001,50.17569
35465,080410057002,48.45445
35466,080410057003,29.37169
35467,080410057004,48.48745
35468,080410058001,47.60889
35469,080410058002,43.75275
35470,080410058003,45.76027
35471,080410059001,44.67799
35472,080410059002,45.22112
35473,080410059003,39.05796
35474,080410059004,46.04929
35475,080410059005,46.41493
35476,080410060001,38.67574
35477,080410060002,39.64416
35478,080410060003,41.85563
35479,080410060004,41.90042
35480,080410061001,25.41149
35481,080410061002,43.84682
35482,080410062001,30.14994
35483,080410062002,44.13513
35484,080410062003,42.33176
35485,080410063011,47.71413
35486,080410063012,46.07638
35487,080410063013,44.30971
35488,080410063021,41.34303
35489,080410063022,26.26735
35490,080410064001,42.05082
35491,080410064002,40.45892
35492,080410064003,35.12118
35493,080410064004,41.52656
35494,080410065011,44.41012
35495,080410065012,40.50867
35496,080410065021,42.39892
35497,080410065022,46.76709
35498,080410065023,43.36659
35499,080410066001,46.8849
35500,080410066002,44.60498
35501,080410066003,45.08262
35502,080410067001,47.70544
35503,080410067002,48.37922
35504,080410067003,43.5658
35505,080410067004,47.2423
35506,080410068011,43.327
35507,080410068012,43.58031
35508,080410068021,47.49169
35509,080410068022,45.05039
35510,080410069011,49.75742
35511,080410069012,50.40935
35512,080410069021,47.25901
35513,080410069022,47.31812
35514,080410069023,44.36123
35515,080410070001,52.1233
35516,080410070002,48.14085
35517,080410071011,61.81737
35518,080410071021,52.36367
35519,080410071022,53.85504
35520,080410072011,50.37882
35521,080410072012,58.26741
35522,080410072021,58.6831
35523,080410072022,54.803
35524,080410072023,57.75355
35525,080410073001,59.16645
35526,080410073002,54.28429
35527,080410073003,61.02004
35528,080410074001,63.65383
35529,080410074002,55.63231
35530,080410074003,66.09717
35531,080410075001,61.66199
35532,080410075002,56.88514
35533,080410075003,63.40505
35534,080410076011,57.12853
35535,080410076012,63.96941
35536,080410076021,64.8988
35537,080410076022,54.57563
35538,080410076023,60.94557
35539,080410077001,38.94333
35540,080410077002,47.34875
35541,080410077003,44.93623
35542,080410078001,48.77226
35543,080410078002,45.44268
35544,080410079001,48.68764
35545,080410079002,43.0397
35546,080410080001,37.84516
35547,080410080002,41.91357
35548,080410080003,40.417
35549,080439781001,71.31128
35550,080439781002,59.76481
35551,080439781003,58.92838
35552,080439781004,58.02393
35553,080439782001,56.93463
35554,080439782002,55.21538
35555,080439782003,51.58883
35556,080439783001,59.18726
35557,080439783002,52.19337
35558,080439783003,52.01405
35559,080439783004,49.90548
35560,080439784001,57.24136
35561,080439784002,48.06021
35562,080439785001,54.79882
35563,080439785002,55.01684
35564,080439785003,43.04797
35565,080439785004,58.97448
35566,080439786001,50.44996
35567,080439786002,47.12074
35568,080439786003,53.92111
35569,080439786004,45.00313
35570,080439788001,51.49385
35571,080439788002,54.64052
35572,080439788003,48.87724
35573,080439790001,61.6907
35574,080439790002,74.86998
35575,080439790003,67.39831
35576,080439791001,56.1648
35577,080439791002,62.52551
35578,080439791003,60.16234
35579,080439792001,74.54747
35580,080439792002,64.1384
35581,080439794001,65.95019
35582,080439801001,
35583,080439802001,
35584,080439803001,
35585,080459516001,
35586,080459516002,
35587,080459516003,
35588,080459516004,
35589,080459517011,
35590,080459517012,
35591,080459517013,
35592,080459517021,
35593,080459517022,
35594,080459517023,
35595,080459517024,
35596,080459518021,
35597,080459518022,
35598,080459518031,
35599,080459518032,
35600,080459518033,
35601,080459518041,
35602,080459518042,
35603,080459518043,
35604,080459519011,
35605,080459519012,
35606,080459519021,
35607,080459519022,
35608,080459519023,
35609,080459520011,
35610,080459520012,
35611,080459520021,
35612,080459520022,
35613,080459520023,
35614,080459520024,
35615,080459520025,
35616,080459520026,
35617,080459521001,
35618,080459521002,
35619,080459521003,
35620,080459521004,
35621,080470138001,55.24915
35622,080470138002,53.0031
35623,080470138003,47.25669
35624,080470138004,56.46268
35625,080490001001,
35626,080490001002,
35627,080490002011,
35628,080490002012,
35629,080490002013,
35630,080490002021,
35631,080490002022,
35632,080490002023,
35633,080490002024,
35634,080519636001,
35635,080519636002,
35636,080519636003,
35637,080519636004,
35638,080519636005,
35639,080519636006,
35640,080519636007,
35641,080519636008,
35642,080519637001,
35643,080519637002,
35644,080519637003,
35645,080519637004,
35646,080519637005,
35647,080519638001,
35648,080519638002,
35649,080519638003,
35650,080519638004,
35651,080519638005,
35652,080519639001,
35653,080519639002,
35654,080539731001,
35655,080559606001,
35656,080559606002,
35657,080559606003,
35658,080559606004,
35659,080559609001,
35660,080559609002,
35661,080559609003,
35662,080579556001,
35663,080579556002,
35664,080590098061,48.68629
35665,080590098062,53.80194
35666,080590098071,43.69967
35667,080590098072,57.34129
35668,080590098081,44.12097
35669,080590098082,64.13808
35670,080590098083,53.99683
35671,080590098084,59.71917
35672,080590098151,46.62395
35673,080590098152,50.21913
35674,080590098231,46.32998
35675,080590098232,47.59728
35676,080590098233,48.46981
35677,080590098241,45.90206
35678,080590098242,47.65487
35679,080590098271,47.86235
35680,080590098272,52.74516
35681,080590098273,45.85023
35682,080590098281,56.47937
35683,080590098282,48.07197
35684,080590098283,48.24636
35685,080590098284,47.962
35686,080590098291,47.59405
35687,080590098301,44.02633
35688,080590098311,36.85137
35689,080590098312,33.78509
35690,080590098321,47.86484
35691,080590098322,46.34025
35692,080590098331,40.58212
35693,080590098332,47.54407
35694,080590098333,50.36106
35695,080590098334,54.89039
35696,080590098335,42.0707
35697,080590098341,41.66743
35698,080590098342,44.82206
35699,080590098343,53.34845
35700,080590098351,51.39388
35701,080590098352,50.87478
35702,080590098361,52.25712
35703,080590098362,46.31902
35704,080590098371,59.9689
35705,080590098372,64.93868
35706,080590098381,53.72272
35707,080590098382,53.83875
35708,080590098391,45.59454
35709,080590098392,51.63264
35710,080590098401,48.06115
35711,080590098402,49.09197
35712,080590098411,48.89151
35713,080590098412,45.3873
35714,080590098421,50.80771
35715,080590098422,53.31703
35716,080590098431,51.71091
35717,080590098432,41.52684
35718,080590098433,54.25952
35719,080590098434,46.92181
35720,080590098451,57.98778
35721,080590098452,55.88694
35722,080590098453,63.11392
35723,080590098461,64.6406
35724,080590098462,56.93955
35725,080590098463,55.71743
35726,080590098464,55.02562
35727,080590098471,60.48463
35728,080590098472,49.3221
35729,080590098481,60.56369
35730,080590098482,49.49834
35731,080590098483,56.31866
35732,080590098491,32.94244
35733,080590098492,33.73637
35734,080590098493,50.80809
35735,080590098494,51.88823
35736,080590098495,35.99645
35737,080590098501,51.53397
35738,080590098502,55.99104
35739,080590098511,54.40254
35740,080590098512,48.32804
35741,080590098513,52.10004
35742,080590098521,49.32754
35743,080590098522,50.06413
35744,080590098523,60.56568
35745,080590099001,41.46692
35746,080590099002,42.86577
35747,080590099003,44.58194
35748,080590100001,38.05374
35749,080590100002,36.84341
35750,080590100003,47.17633
35751,080590101001,38.69238
35752,080590101002,40.03982
35753,080590101003,45.69113
35754,080590101004,51.94763
35755,080590102051,51.6039
35756,080590102052,50.70577
35757,080590102061,46.87977
35758,080590102062,48.97953
35759,080590102063,42.88584
35760,080590102081,44.14584
35761,080590102082,51.16319
35762,080590102083,52.13373
35763,080590102084,45.5467
35764,080590102091,38.6304
35765,080590102092,48.09161
35766,080590102093,46.87534
35767,080590102094,44.42921
35768,080590102101,43.73592
35769,080590102102,49.58322
35770,080590102111,39.99992
35771,080590102112,41.92914
35772,080590102113,45.85073
35773,080590102121,44.13935
35774,080590102122,51.6167
35775,080590102123,51.69966
35776,080590102124,41.63787
35777,080590102131,45.41329
35778,080590102132,47.56152
35779,080590102133,45.30738
35780,080590102134,44.39033
35781,080590103031,47.02491
35782,080590103032,40.40775
35783,080590103033,37.56768
35784,080590103034,50.72605
35785,080590103035,48.54581
35786,080590103041,47.07221
35787,080590103042,49.77202
35788,080590103043,56.65944
35789,080590103051,44.46666
35790,080590103052,46.00624
35791,080590103053,40.72876
35792,080590103054,34.43953
35793,080590103061,53.14936
35794,080590103062,48.96712
35795,080590103063,44.68661
35796,080590103071,39.41357
35797,080590103072,49.15971
35798,080590103073,40.8954
35799,080590103081,45.44738
35800,080590103082,44.32972
35801,080590103083,47.11728
35802,080590104021,33.42371
35803,080590104022,43.83849
35804,080590104023,47.69942
35805,080590104024,34.39591
35806,080590104031,41.57618
35807,080590104032,43.27308
35808,080590104033,42.33368
35809,080590104034,38.03015
35810,080590104051,36.65353
35811,080590104061,43.98003
35812,080590104062,42.62063
35813,080590105021,44.54132
35814,080590105022,45.64521
35815,080590105023,44.30873
35816,080590105024,51.55108
35817,080590105031,46.19923
35818,080590105032,45.55405
35819,080590105033,48.47355
35820,080590105041,44.88861
35821,080590105042,44.33376
35822,080590105043,53.41546
35823,080590106031,42.69002
35824,080590106032,44.16
35825,080590106033,44.08354
35826,080590106041,43.49243
35827,080590106042,43.6875
35828,080590106043,42.50879
35829,080590107011,35.01118
35830,080590107012,37.75938
35831,080590107013,51.27484
35832,080590107021,40.61432
35833,080590107022,44.35553
35834,080590107023,32.16023
35835,080590108011,50.74823
35836,080590109011,49.16007
35837,080590109012,45.61303
35838,080590109013,44.46546
35839,080590109014,38.7019
35840,080590109015,58.33369
35841,080590109021,42.77978
35842,080590109022,37.6444
35843,080590110001,49.48821
35844,080590110002,43.43285
35845,080590110003,41.6011
35846,080590110004,50.20106
35847,080590110005,38.17058
35848,080590110006,47.77726
35849,080590111001,34.01444
35850,080590111002,42.76423
35851,080590111003,46.90889
35852,080590111004,23.20127
35853,080590111005,43.92437
35854,080590112021,48.26477
35855,080590112022,47.73185
35856,080590112023,48.62672
35857,080590112024,48.8792
35858,080590113001,39.99951
35859,080590113002,34.02451
35860,080590113003,48.03749
35861,080590113004,45.41018
35862,080590114011,35.46529
35863,080590114012,35.92237
35864,080590114021,32.9025
35865,080590114022,33.33066
35866,080590114023,38.55362
35867,080590115501,38.35927
35868,080590115502,39.21275
35869,080590115503,46.92957
35870,080590115504,41.54378
35871,080590115505,41.85022
35872,080590116011,44.73313
35873,080590116012,46.67102
35874,080590116021,48.14932
35875,080590116022,42.42385
35876,080590116023,44.50924
35877,080590117011,45.40893
35878,080590117012,50.75251
35879,080590117013,42.69261
35880,080590117014,44.00749
35881,080590117021,48.68838
35882,080590117022,48.6887
35883,080590117023,45.99776
35884,080590117024,47.17394
35885,080590117081,45.05764
35886,080590117082,46.1518
35887,080590117083,49.32745
35888,080590117091,37.49901
35889,080590117092,42.60332
35890,080590117093,44.26185
35891,080590117101,44.84639
35892,080590117102,47.80466
35893,080590117103,39.34766
35894,080590117111,39.65466
35895,080590117112,43.34731
35896,080590117113,48.35884
35897,080590117114,38.08395
35898,080590117121,44.069
35899,080590117122,47.59266
35900,080590117123,46.80878
35901,080590117201,43.10132
35902,080590117202,51.50644
35903,080590117203,55.21369
35904,080590117204,47.05587
35905,080590117211,42.2743
35906,080590117212,47.68983
35907,080590117231,44.44307
35908,080590117232,34.23958
35909,080590117241,52.71888
35910,080590117242,46.7556
35911,080590117251,49.91459
35912,080590117261,46.18068
35913,080590117262,54.64972
35914,080590117263,52.67208
35915,080590117271,45.07341
35916,080590117272,44.88335
35917,080590117273,49.24178
35918,080590117281,47.98444
35919,080590117282,41.21329
35920,080590117291,39.87762
35921,080590117292,40.615
35922,080590117293,35.94755
35923,080590117301,34.66883
35924,080590117302,39.79964
35925,080590117303,47.87417
35926,080590117311,54.59676
35927,080590117312,38.44197
35928,080590117313,41.34695
35929,080590117321,36.58912
35930,080590117322,38.52074
35931,080590117323,34.82034
35932,080590117324,35.59645
35933,080590117331,40.40166
35934,080590118031,47.4957
35935,080590118032,44.08297
35936,080590118033,43.26798
35937,080590118034,45.10113
35938,080590118041,51.2189
35939,080590118042,49.06839
35940,080590118043,43.01935
35941,080590118051,33.94586
35942,080590118052,32.47459
35943,080590118053,40.56039
35944,080590118061,45.67285
35945,080590118062,37.77349
35946,080590118063,37.64259
35947,080590119041,44.16818
35948,080590119042,41.95289
35949,080590119511,49.74245
35950,080590119512,39.12756
35951,080590120221,52.89157
35952,080590120222,46.2965
35953,080590120223,45.00239
35954,080590120224,54.68422
35955,080590120231,49.36878
35956,080590120232,53.69957
35957,080590120233,48.50459
35958,080590120241,53.60435
35959,080590120242,49.698
35960,080590120243,49.6624
35961,080590120261,49.7116
35962,080590120262,55.14663
35963,080590120263,58.95086
35964,080590120271,55.1179
35965,080590120272,64.00986
35966,080590120273,50.70421
35967,080590120301,53.26413
35968,080590120302,52.91474
35969,080590120303,58.03192
35970,080590120304,58.91598
35971,080590120311,52.14732
35972,080590120312,51.83634
35973,080590120313,59.42177
35974,080590120321,55.0425
35975,080590120322,57.49354
35976,080590120323,65.75334
35977,080590120331,61.5909
35978,080590120332,67.38553
35979,080590120333,54.09743
35980,080590120341,58.69202
35981,080590120342,65.46477
35982,080590120343,71.32011
35983,080590120351,56.59674
35984,080590120352,54.65653
35985,080590120353,60.12365
35986,080590120361,61.37075
35987,080590120362,60.85163
35988,080590120371,57.57329
35989,080590120372,53.76791
35990,080590120373,58.38414
35991,080590120381,48.07115
35992,080590120382,52.11755
35993,080590120391,42.69187
35994,080590120392,52.40514
35995,080590120393,48.61992
35996,080590120394,47.49108
35997,080590120395,52.57303
35998,080590120411,49.64428
35999,080590120412,58.2321
36000,080590120413,51.53996
36001,080590120414,56.52548
36002,080590120421,51.00358
36003,080590120422,47.1699
36004,080590120431,51.03075
36005,080590120432,51.68367
36006,080590120433,45.50698
36007,080590120441,46.35185
36008,080590120442,45.90746
36009,080590120451,50.17799
36010,080590120452,46.32333
36011,080590120453,58.36999
36012,080590120454,45.22164
36013,080590120461,52.11934
36014,080590120462,45.88971
36015,080590120471,42.25547
36016,080590120472,46.02942
36017,080590120473,46.43209
36018,080590120481,58.91711
36019,080590120482,49.32487
36020,080590120483,48.99376
36021,080590120491,54.34132
36022,080590120492,53.93393
36023,080590120493,47.83994
36024,080590120501,62.04655
36025,080590120502,53.9223
36026,080590120503,50.97239
36027,080590120511,51.7899
36028,080590120512,45.89772
36029,080590120513,51.22949
36030,080590120521,47.24278
36031,080590120522,43.35856
36032,080590120523,47.57946
36033,080590120524,46.55543
36034,080590120525,46.4072
36035,080590120531,49.38117
36036,080590120532,47.34897
36037,080590120533,52.11682
36038,080590120541,47.36613
36039,080590120542,45.03501
36040,080590120543,49.54208
36041,080590120551,51.32581
36042,080590120552,46.94364
36043,080590120553,46.51281
36044,080590120571,50.81636
36045,080590120572,44.4649
36046,080590120573,48.40994
36047,080590120574,43.74482
36048,080590120581,58.15294
36049,080590120582,54.76557
36050,080590120583,52.53417
36051,080590120584,59.40596
36052,080590120591,48.16964
36053,080590120592,53.38794
36054,080590120593,51.14784
36055,080590120601,44.11534
36056,080590120602,48.31583
36057,080590158001,40.55436
36058,080590158002,49.65225
36059,080590158003,38.06372
36060,080590159001,43.81948
36061,080590159002,39.91699
36062,080590603001,49.5847
36063,080590603002,50.5512
36064,080590603003,46.39939
36065,080590603004,44.41367
36066,080590604001,44.85515
36067,080590604002,46.40997
36068,080590604003,47.13545
36069,080590605001,46.5303
36070,080590605002,
36071,080590605003,53.47571
36072,080599800001,
36073,080599804001,
36074,080619601001,
36075,080619601002,
36076,080639621001,
36077,080639621002,
36078,080639621003,
36079,080639621004,
36080,080639622001,
36081,080639622002,
36082,080639623001,
36083,080639623002,
36084,080659617001,44.38235
36085,080659617002,45.42498
36086,080659617003,38.97099
36087,080659617004,34.65662
36088,080659617005,42.58891
36089,080659617006,47.41763
36090,080659619001,45.20616
36091,080659619002,45.80453
36092,080679403001,53.50125
36093,080679403002,40.70682
36094,080679403003,51.16763
36095,080679404001,52.60267
36096,080679404002,53.01809
36097,080679404003,58.09834
36098,080679706001,61.50247
36099,080679706002,57.04642
36100,080679706003,44.37883
36101,080679706004,49.37778
36102,080679706005,55.89656
36103,080679706006,60.94977
36104,080679707011,55.96827
36105,080679707012,58.46516
36106,080679707013,57.1402
36107,080679707031,64.02784
36108,080679707032,59.37405
36109,080679707033,52.75483
36110,080679707034,49.67429
36111,080679707041,55.83816
36112,080679707042,52.2405
36113,080679708001,56.14175
36114,080679708002,44.17009
36115,080679708003,47.42504
36116,080679708004,53.8322
36117,080679709001,50.51634
36118,080679709002,50.91762
36119,080679709003,52.79481
36120,080679710001,49.16966
36121,080679710002,49.75906
36122,080679711001,45.91002
36123,080679711002,52.73024
36124,080679711003,49.84141
36125,080690001001,39.61208
36126,080690001002,36.82444
36127,080690002011,47.46215
36128,080690002012,41.00056
36129,080690002021,49.90165
36130,080690002022,45.48256
36131,080690003001,47.5924
36132,080690003002,48.90909
36133,080690004011,45.23526
36134,080690004012,35.70536
36135,080690004021,38.67806
36136,080690004022,41.12631
36137,080690005031,37.94864
36138,080690005032,37.78444
36139,080690005033,36.25228
36140,080690005041,39.66171
36141,080690005042,39.02453
36142,080690005051,42.23078
36143,080690005052,46.50635
36144,080690005061,49.11834
36145,080690005062,33.83166
36146,080690006001,
36147,080690006002,27.94941
36148,080690006003,24.78825
36149,080690007001,41.80104
36150,080690007002,49.02867
36151,080690008011,41.71934
36152,080690008021,49.65484
36153,080690009011,46.13485
36154,080690009012,42.7565
36155,080690009013,48.45537
36156,080690009021,32.9123
36157,080690009022,42.73677
36158,080690009023,45.005
36159,080690010031,41.76297
36160,080690010032,38.00118
36161,080690010033,41.63065
36162,080690010034,44.99171
36163,080690010035,21.54683
36164,080690010041,42.88064
36165,080690010042,46.46419
36166,080690010043,48.2065
36167,080690010044,43.34883
36168,080690010071,39.09092
36169,080690010072,50.2828
36170,080690010073,46.80864
36171,080690010081,47.31745
36172,080690010082,31.71846
36173,080690010091,42.57908
36174,080690010092,48.3897
36175,080690010093,46.45794
36176,080690010094,49.47706
36177,080690010095,45.38797
36178,080690010101,53.77416
36179,080690010102,47.32526
36180,080690011041,35.18514
36181,080690011042,43.32875
36182,080690011043,49.18541
36183,080690011044,51.58963
36184,080690011045,46.38325
36185,080690011061,42.67014
36186,080690011062,44.66846
36187,080690011063,46.0452
36188,080690011064,40.79379
36189,080690011071,47.31437
36190,080690011072,39.36916
36191,080690011073,44.21215
36192,080690011074,46.25154
36193,080690011075,45.85518
36194,080690011091,45.38464
36195,080690011092,50.62249
36196,080690011093,41.77935
36197,080690011094,36.09031
36198,080690011101,45.56203
36199,080690011102,26.90327
36200,080690011103,39.48105
36201,080690011111,41.89709
36202,080690011112,45.86369
36203,080690011121,45.35092
36204,080690011122,54.03367
36205,080690011123,51.79252
36206,080690011131,49.63809
36207,080690011141,49.07706
36208,080690013011,51.07496
36209,080690013012,48.05351
36210,080690013013,47.58295
36211,080690013014,58.73342
36212,080690013041,44.34273
36213,080690013042,41.03439
36214,080690013051,40.59296
36215,080690013052,39.28647
36216,080690013061,42.72404
36217,080690013071,46.12589
36218,080690013081,59.57385
36219,080690013082,52.06788
36220,080690013083,51.91078
36221,080690016011,43.08957
36222,080690016012,52.83695
36223,080690016021,41.06835
36224,080690016022,47.91735
36225,080690016031,41.22313
36226,080690016032,48.15968
36227,080690016033,50.69232
36228,080690016051,52.24965
36229,080690016061,43.8167
36230,080690016071,47.67254
36231,080690016081,55.24781
36232,080690017041,40.20677
36233,080690017042,39.70998
36234,080690017043,43.77963
36235,080690017061,49.02197
36236,080690017062,42.97732
36237,080690017063,47.79859
36238,080690017064,39.62986
36239,080690017065,32.16313
36240,080690017071,40.69608
36241,080690017072,47.54674
36242,080690017073,50.58933
36243,080690017081,51.62944
36244,080690017091,57.87563
36245,080690017092,51.73454
36246,080690017093,57.85382
36247,080690017094,62.17281
36248,080690018041,36.8906
36249,080690018042,45.05039
36250,080690018043,45.91043
36251,080690018044,45.28818
36252,080690018061,49.79162
36253,080690018062,52.01849
36254,080690018063,49.82197
36255,080690018071,44.38836
36256,080690018072,49.38565
36257,080690018073,48.60489
36258,080690018074,45.02187
36259,080690018081,60.84157
36260,080690018082,53.95654
36261,080690018083,51.50027
36262,080690018091,52.69351
36263,080690018092,50.47003
36264,080690018093,53.68886
36265,080690019011,43.54531
36266,080690019012,36.82301
36267,080690019013,47.29219
36268,080690019021,47.92572
36269,080690019022,48.4473
36270,080690019023,42.89481
36271,080690019024,48.59339
36272,080690019031,57.71281
36273,080690019032,51.11739
36274,080690019033,59.86642
36275,080690020051,45.1921
36276,080690020052,43.67092
36277,080690020071,38.16076
36278,080690020072,50.3956
36279,080690020073,46.20205
36280,080690020081,51.36452
36281,080690020082,43.95415
36282,080690020101,59.7007
36283,080690020111,46.71979
36284,080690020112,51.10339
36285,080690020113,49.09359
36286,080690020114,52.39338
36287,080690023001,52.45609
36288,080690023002,50.36428
36289,080690024011,62.04333
36290,080690024012,49.95967
36291,080690024021,59.77619
36292,080690024022,58.37364
36293,080690024023,64.10274
36294,080690025011,55.12549
36295,080690025012,55.20916
36296,080690025021,56.6637
36297,080690025022,53.94059
36298,080690025023,48.89107
36299,080690025024,47.90561
36300,080690025031,64.09026
36301,080690026001,52.28347
36302,080690026002,65.21031
36303,080690026003,64.33154
36304,080690026004,64.3279
36305,080690027001,47.62973
36306,080690027002,46.73245
36307,080690027003,44.77721
36308,080690027004,53.30471
36309,080690028011,53.39042
36310,080690028012,59.71787
36311,080690028013,50.51831
36312,080690028021,52.95536
36313,080690028022,54.75332
36314,080690028023,50.34878
36315,080690028024,53.57329
36316,080690028031,63.93886
36317,080710001001,
36318,080710001002,
36319,080710001003,
36320,080710002001,
36321,080710002002,
36322,080710002003,
36323,080710003001,
36324,080710003002,
36325,080710003003,
36326,080710004001,
36327,080710004002,
36328,080710004003,
36329,080710005001,
36330,080710005002,
36331,080710008001,
36332,080710008002,
36333,080710008003,
36334,080739617001,
36335,080739617002,
36336,080739617003,
36337,080739618001,
36338,080739618002,
36339,080759659001,60.96917
36340,080759660001,70.92542
36341,080759661001,58.17929
36342,080759661002,44.91915
36343,080759661003,40.17779
36344,080759661004,56.94654
36345,080759661005,53.3016
36346,080759662001,49.51248
36347,080759662002,48.58527
36348,080759662003,45.34772
36349,080759663001,54.06654
36350,080759663002,48.1845
36351,080759663003,51.54093
36352,080759663004,46.59636
36353,080759664001,69.50247
36354,080759664002,54.43388
36355,080770002001,34.56509
36356,080770002002,39.19507
36357,080770003001,42.92055
36358,080770003002,40.05502
36359,080770004001,44.97447
36360,080770004002,40.26606
36361,080770004003,35.59123
36362,080770004004,42.97441
36363,080770005001,31.67966
36364,080770005002,42.54828
36365,080770006011,45.12747
36366,080770006012,38.84911
36367,080770006013,38.18585
36368,080770006021,39.91311
36369,080770006022,44.76341
36370,080770006023,35.69848
36371,080770006024,46.0719
36372,080770006025,44.30764
36373,080770007001,43.34692
36374,080770007002,39.56461
36375,080770007003,43.50769
36376,080770008001,46.62501
36377,080770008002,48.18418
36378,080770008003,47.50021
36379,080770009001,48.25812
36380,080770010011,52.12432
36381,080770010012,43.66627
36382,080770010013,50.66889
36383,080770010021,57.06293
36384,080770010022,37.14001
36385,080770010023,51.37816
36386,080770010024,53.83349
36387,080770011011,50.43549
36388,080770011012,42.41556
36389,080770011013,36.98962
36390,080770011014,41.26143
36391,080770011015,37.5297
36392,080770011021,49.57084
36393,080770011022,45.3317
36394,080770011023,49.80471
36395,080770011024,53.19237
36396,080770012001,60.423
36397,080770012002,63.92062
36398,080770013011,49.65006
36399,080770013012,45.2218
36400,080770013013,47.66361
36401,080770013014,44.86739
36402,080770013015,40.33619
36403,080770013016,48.20468
36404,080770013021,53.60667
36405,080770013022,51.9464
36406,080770013023,52.52438
36407,080770014021,57.46755
36408,080770014022,61.06353
36409,080770014023,63.88786
36410,080770014031,51.98564
36411,080770014032,56.95373
36412,080770014041,53.05545
36413,080770014042,52.47971
36414,080770015011,47.77044
36415,080770015012,49.95828
36416,080770015013,51.50289
36417,080770015014,50.8911
36418,080770015015,53.17919
36419,080770015021,57.79608
36420,080770015022,63.78295
36421,080770015023,56.89886
36422,080770016001,61.89304
36423,080770016002,53.27208
36424,080770017021,57.22003
36425,080770017022,47.46649
36426,080770017023,60.96232
36427,080770017024,55.48298
36428,080770017031,52.60654
36429,080770017032,43.37495
36430,080770017033,49.85138
36431,080770017051,44.33898
36432,080770017052,47.05742
36433,080770017053,46.72257
36434,080770017061,47.20592
36435,080770017062,42.98332
36436,080770017071,37.12834
36437,080770017072,51.77608
36438,080770017073,45.94026
36439,080770018001,59.14671
36440,080770018002,56.49011
36441,080770019001,59.35111
36442,080770019002,59.78355
36443,080799736001,
36444,080810003001,
36445,080810003002,
36446,080810004001,
36447,080810004002,
36448,080810004003,
36449,080810004004,
36450,080810004005,
36451,080810005001,
36452,080810005002,
36453,080810005003,
36454,080810005004,
36455,080810005005,
36456,080810005006,
36457,080810006001,
36458,080810006002,
36459,080839411001,
36460,080839411002,
36461,080839690001,
36462,080839690002,
36463,080839691001,
36464,080839691002,
36465,080839692001,
36466,080839692002,
36467,080839693001,
36468,080839693002,
36469,080839693003,
36470,080839693004,
36471,080839693005,
36472,080839693006,
36473,080839693007,
36474,080839694001,
36475,080839694002,
36476,080839694003,
36477,080839694004,
36478,080839696001,
36479,080839696002,
36480,080839696003,
36481,080859661001,53.5706
36482,080859661002,58.46656
36483,080859661003,65.75885
36484,080859662011,64.94905
36485,080859662012,76.00475
36486,080859662021,57.97869
36487,080859662022,55.04471
36488,080859662023,63.11171
36489,080859663001,46.3459
36490,080859663002,44.06943
36491,080859663003,46.20534
36492,080859663004,51.91746
36493,080859663005,49.61377
36494,080859664001,49.11193
36495,080859664002,44.48448
36496,080859664003,50.05966
36497,080859664004,52.44834
36498,080859664005,55.57144
36499,080859665011,69.55686
36500,080859665012,60.09391
36501,080859665013,73.42346
36502,080859665021,61.21916
36503,080859665022,55.81774
36504,080859665023,54.09917
36505,080859665031,62.6581
36506,080859665032,60.53003
36507,080859666011,58.97834
36508,080859666012,54.92084
36509,080859666013,47.26605
36510,080859666014,42.50696
36511,080859666021,59.38659
36512,080859666022,60.06064
36513,080859666023,62.46761
36514,080870001001,74.42329
36515,080870001002,63.92833
36516,080870001003,70.95411
36517,080870002001,75.17838
36518,080870002002,63.79202
36519,080870002003,64.79747
36520,080870003001,62.71646
36521,080870004001,49.32383
36522,080870004002,56.18161
36523,080870004003,51.49854
36524,080870005001,53.97566
36525,080870005002,46.34953
36526,080870005003,43.65053
36527,080870006001,62.8818
36528,080870006002,49.65686
36529,080870006003,46.28393
36530,080870006004,53.48841
36531,080870006005,49.22176
36532,080870007001,50.48301
36533,080870007002,60.8754
36534,080870007003,45.01834
36535,080870007004,48.88455
36536,080870007005,66.84066
36537,080870008001,66.50601
36538,080870008002,80.25221
36539,080899680001,
36540,080899680002,
36541,080899681001,
36542,080899681002,
36543,080899681003,
36544,080899682001,
36545,080899682002,
36546,080899682003,
36547,080899683001,
36548,080899683002,
36549,080899683003,
36550,080899683004,
36551,080899684001,
36552,080899685001,
36553,080899685002,
36554,080899686001,
36555,080899686002,
36556,080899686003,
36557,080899686004,
36558,080899686005,
36559,080919676001,
36560,080919676002,
36561,080919676003,
36562,080919676004,
36563,080930001001,51.27021
36564,080930001002,56.0457
36565,080930001003,51.44645
36566,080930002001,52.24561
36567,080930002002,50.22399
36568,080930003001,53.96392
36569,080930003002,54.02265
36570,080930004001,53.34687
36571,080930004002,54.74781
36572,080930005001,51.05239
36573,080930005002,47.66482
36574,080930005003,55.58039
36575,080959676001,
36576,080959676002,
36577,080959676003,
36578,080959676004,
36579,080959677001,
36580,080959677002,
36581,080970001001,
36582,080970001002,
36583,080970001003,
36584,080970001004,
36585,080970001005,
36586,080970004011,
36587,080970004012,
36588,080970004013,
36589,080970004014,
36590,080970004021,
36591,080970004022,
36592,080970005001,
36593,080970005002,
36594,080990001001,
36595,080990001002,
36596,080990002001,
36597,080990002002,
36598,080990003001,
36599,080990003002,
36600,080990003003,
36601,080990003004,
36602,080990003005,
36603,080990003006,
36604,080990006001,
36605,080990006002,
36606,080990007001,
36607,080990007002,
36608,081010001001,57.08218
36609,081010001002,54.44076
36610,081010001003,53.67809
36611,081010002001,50.22372
36612,081010002002,46.10167
36613,081010003001,
36614,081010004001,49.72314
36615,081010004002,46.83864
36616,081010004003,48.3285
36617,081010005001,44.72933
36618,081010005002,44.20601
36619,081010005003,52.83088
36620,081010006001,45.22331
36621,081010006002,46.78352
36622,081010006003,50.89178
36623,081010008001,46.30765
36624,081010008002,42.72927
36625,081010008003,48.72716
36626,081010009021,62.32106
36627,081010009022,46.93914
36628,081010009023,58.44376
36629,081010009024,47.21485
36630,081010009025,52.17749
36631,081010009031,69.14444
36632,081010009041,60.62615
36633,081010009042,50.63985
36634,081010009043,37.73709
36635,081010009051,48.1682
36636,081010009052,43.00385
36637,081010010001,39.69153
36638,081010010002,50.01371
36639,081010010003,53.80574
36640,081010010004,47.32118
36641,081010011001,47.19881
36642,081010011002,48.50515
36643,081010011003,49.57337
36644,081010012001,49.22654
36645,081010012002,49.26949
36646,081010014001,45.06106
36647,081010015001,52.72152
36648,081010015002,56.5207
36649,081010016001,58.8
36650,081010016002,52.64358
36651,081010017001,49.39428
36652,081010017002,55.17727
36653,081010017003,58.61215
36654,081010018001,47.60062
36655,081010018002,47.20164
36656,081010018003,50.49301
36657,081010019001,40.08128
36658,081010019002,49.24616
36659,081010020001,49.15488
36660,081010020002,38.9274
36661,081010020003,42.30046
36662,081010020004,46.88218
36663,081010021001,44.70647
36664,081010021002,41.36919
36665,081010022001,45.44425
36666,081010022002,46.20732
36667,081010023001,51.89223
36668,081010023002,47.40726
36669,081010023003,52.381
36670,081010023004,48.09192
36671,081010024001,46.26769
36672,081010024002,53.37031
36673,081010025001,46.78827
36674,081010025002,40.73967
36675,081010025003,46.06128
36676,081010026001,46.84069
36677,081010026002,41.54151
36678,081010026003,42.41627
36679,081010027001,52.62485
36680,081010027002,51.99886
36681,081010027003,50.45207
36682,081010027004,52.28169
36683,081010027005,49.27763
36684,081010027006,51.4568
36685,081010028011,50.92387
36686,081010028012,49.70786
36687,081010028013,60.05617
36688,081010028014,49.06513
36689,081010028015,59.10603
36690,081010028021,62.15886
36691,081010028022,57.89653
36692,081010028023,52.04725
36693,081010028041,64.44965
36694,081010028042,64.53756
36695,081010028043,79.18635
36696,081010028061,68.8414
36697,081010028062,71.59137
36698,081010028063,78.83755
36699,081010028071,52.9769
36700,081010028072,57.41665
36701,081010028073,60.09296
36702,081010028081,65.40654
36703,081010028082,68.28532
36704,081010029011,43.56571
36705,081010029012,54.26876
36706,081010029031,54.85869
36707,081010029032,57.15175
36708,081010029061,72.03434
36709,081010029062,73.37531
36710,081010029111,71.60613
36711,081010029121,54.62955
36712,081010029131,63.72659
36713,081010029132,59.00498
36714,081010029141,60.61702
36715,081010029142,51.99288
36716,081010029151,59.07148
36717,081010029161,58.54452
36718,081010029162,51.9561
36719,081010029171,61.67916
36720,081010029181,67.58256
36721,081010029182,64.92671
36722,081010030011,60.29546
36723,081010030041,65.63072
36724,081010030042,64.37053
36725,081010031031,54.21866
36726,081010031032,50.45662
36727,081010031041,67.42809
36728,081010031042,54.48044
36729,081010031043,64.13046
36730,081010031051,64.66598
36731,081010031052,71.26881
36732,081010031053,60.21744
36733,081010031061,63.23627
36734,081010032001,69.57214
36735,081010032002,66.21922
36736,081010032003,66.63382
36737,081010035001,40.53608
36738,081010035002,40.0784
36739,081010036001,54.60095
36740,081010036002,58.29119
36741,081019801001,
36742,081039511001,
36743,081039511002,
36744,081039511003,
36745,081039511004,
36746,081039512001,
36747,081039512002,
36748,081039512003,
36749,081059767001,
36750,081059767002,
36751,081059767003,
36752,081059767004,
36753,081059768001,
36754,081059768002,
36755,081059770001,
36756,081059770002,
36757,081059770003,
36758,081059770004,
36759,081070001001,
36760,081070001002,
36761,081070002001,
36762,081070002002,
36763,081070003001,
36764,081070003002,
36765,081070004001,
36766,081070004002,
36767,081070005001,
36768,081070005002,
36769,081070005003,
36770,081070005004,
36771,081070006001,
36772,081070006002,
36773,081070007001,
36774,081070007002,
36775,081070007003,
36776,081070008001,
36777,081070008002,
36778,081099776001,
36779,081099776002,
36780,081099776003,
36781,081099777001,
36782,081099777002,
36783,081099777003,
36784,081119726001,
36785,081139681011,
36786,081139681012,
36787,081139681021,
36788,081139681031,
36789,081139681032,
36790,081139682001,
36791,081159683001,
36792,081159683002,
36793,081159683003,
36794,081170001001,65.16743
36795,081170001002,51.04598
36796,081170001003,51.21991
36797,081170001004,50.98673
36798,081170001005,46.68581
36799,081170002001,56.59787
36800,081170002002,43.97236
36801,081170002003,51.02199
36802,081170002004,49.56448
36803,081170002005,41.92632
36804,081170003001,61.9751
36805,081170003002,51.88848
36806,081170003003,48.82424
36807,081170003004,51.55955
36808,081170004011,55.33274
36809,081170004012,66.177
36810,081170004013,56.52762
36811,081170004014,44.45982
36812,081170004021,52.19001
36813,081170004022,52.40062
36814,081170004023,42.83425
36815,081170004024,46.08208
36816,081190101031,54.79386
36817,081190101032,54.35928
36818,081190101033,51.40227
36819,081190101034,53.63698
36820,081190101041,52.3035
36821,081190101042,54.9912
36822,081190101051,55.54999
36823,081190101052,55.86718
36824,081190101053,43.80425
36825,081190101061,54.45643
36826,081190101062,59.844
36827,081190101063,54.13672
36828,081190102011,49.50719
36829,081190102012,55.3256
36830,081190102021,51.95914
36831,081219241001,
36832,081219241002,
36833,081219242001,
36834,081219242002,
36835,081219242003,
36836,081230001001,35.96351
36837,081230001002,36.38084
36838,081230001003,21.75286
36839,081230002001,40.15656
36840,081230002002,40.65481
36841,081230003001,
36842,081230004011,32.11306
36843,081230004012,43.84037
36844,081230004013,47.87024
36845,081230004014,45.28023
36846,081230004021,39.31774
36847,081230004022,35.8583
36848,081230004023,44.90341
36849,081230005011,45.0716
36850,081230005012,34.63251
36851,081230005021,35.99104
36852,081230005022,38.7631
36853,081230006001,36.44729
36854,081230007011,41.83535
36855,081230007012,41.64207
36856,081230007031,44.68885
36857,081230007032,35.48488
36858,081230007033,24.46725
36859,081230007041,44.87685
36860,081230007051,60.80389
36861,081230007052,54.49113
36862,081230008001,41.95311
36863,081230008002,46.48946
36864,081230008003,38.3193
36865,081230008004,31.97772
36866,081230009001,43.46702
36867,081230009002,51.82541
36868,081230010031,32.5228
36869,081230010032,32.96804
36870,081230010033,37.5826
36871,081230010041,34.78548
36872,081230010042,37.89695
36873,081230010043,49.96572
36874,081230010051,49.49985
36875,081230010052,
36876,081230010053,57.14414
36877,081230010054,44.72917
36878,081230010055,41.59984
36879,081230010056,49.70681
36880,081230010061,40.71569
36881,081230010062,46.40975
36882,081230010063,43.34415
36883,081230011001,44.93862
36884,081230011002,44.98458
36885,081230011003,35.83151
36886,081230011004,41.94162
36887,081230012011,40.71743
36888,081230012012,45.86979
36889,081230012013,42.24607
36890,081230012021,47.45367
36891,081230012022,44.28434
36892,081230013001,44.16224
36893,081230013002,40.98072
36894,081230013003,40.53554
36895,081230013004,43.64741
36896,081230014041,46.63175
36897,081230014042,60.44182
36898,081230014051,47.2213
36899,081230014052,52.30911
36900,081230014053,48.93805
36901,081230014061,49.23307
36902,081230014071,52.94316
36903,081230014081,54.24614
36904,081230014091,49.5668
36905,081230014092,41.50776
36906,081230014101,48.58467
36907,081230014102,59.36189
36908,081230014111,49.81997
36909,081230014121,55.90989
36910,081230014131,45.35177
36911,081230014132,46.12853
36912,081230014141,46.98529
36913,081230014151,48.35349
36914,081230014161,51.44756
36915,081230014171,50.43081
36916,081230014172,43.70125
36917,081230015001,54.65848
36918,081230015002,40.70173
36919,081230015003,48.22886
36920,081230015004,55.17183
36921,081230016001,58.92221
36922,081230016002,48.32219
36923,081230016003,56.06329
36924,081230017001,49.49275
36925,081230017002,49.25089
36926,081230017003,48.88761
36927,081230017004,57.25821
36928,081230018001,62.19105
36929,081230018002,50.38391
36930,081230019021,56.10964
36931,081230019022,49.54303
36932,081230019051,55.21981
36933,081230019052,49.78199
36934,081230019053,47.53018
36935,081230019061,55.79433
36936,081230019071,63.69503
36937,081230019072,50.59773
36938,081230019073,49.38133
36939,081230019081,57.78477
36940,081230019082,36.39767
36941,081230019083,39.01556
36942,081230020041,62.75783
36943,081230020042,45.65251
36944,081230020043,49.14416
36945,081230020051,51.65919
36946,081230020061,63.41272
36947,081230020071,46.21557
36948,081230020072,59.79152
36949,081230020073,57.43557
36950,081230020081,69.98524
36951,081230020082,57.28454
36952,081230020083,51.62873
36953,081230020084,61.73946
36954,081230020091,64.72456
36955,081230020101,51.54539
36956,081230020111,46.01253
36957,081230020121,52.04335
36958,081230020131,54.83219
36959,081230020132,
36960,081230020133,55.77903
36961,081230020141,47.99155
36962,081230020151,54.64332
36963,081230020161,55.38998
36964,081230020171,72.64646
36965,081230020181,54.91141
36966,081230020191,54.89598
36967,081230020192,55.79867
36968,081230020193,56.68174
36969,081230020201,59.69128
36970,081230020202,53.29854
36971,081230020203,57.81477
36972,081230020211,62.96785
36973,081230021011,50.21499
36974,081230021012,46.45709
36975,081230021013,54.94072
36976,081230021014,59.52939
36977,081230021015,48.91473
36978,081230021021,56.47082
36979,081230021022,62.33863
36980,081230021023,49.21332
36981,081230021024,47.40013
36982,081230021031,58.27655
36983,081230021032,58.67288
36984,081230021033,53.78114
36985,081230021034,63.47738
36986,081230022031,53.73394
36987,081230022041,67.94881
36988,081230022042,51.99678
36989,081230022051,54.49615
36990,081230022052,45.58636
36991,081230022053,50.15653
36992,081230022061,52.03868
36993,081230022062,53.12518
36994,081230022071,54.6972
36995,081230022072,48.0466
36996,081230022081,62.58978
36997,081230022082,54.17848
36998,081230022083,61.72459
36999,081230022091,69.58304
37000,081230022101,65.49501